date,true_NVDA_open,pred_NVDA_open,true_NVDA_high,pred_NVDA_high,true_NVDA_low,pred_NVDA_low,true_NVDA_close,pred_NVDA_close,true_GOOGL_open,pred_GOOGL_open,true_GOOGL_high,pred_GOOGL_high,true_GOOGL_low,pred_GOOGL_low,true_GOOGL_close,pred_GOOGL_close,true_AVGO_open,pred_AVGO_open,true_AVGO_high,pred_AVGO_high,true_AVGO_low,pred_AVGO_low,true_AVGO_close,pred_AVGO_close,true_AMD_open,pred_AMD_open,true_AMD_high,pred_AMD_high,true_AMD_low,pred_AMD_low,true_AMD_close,pred_AMD_close,true_TSM_open,pred_TSM_open,true_TSM_high,pred_TSM_high,true_TSM_low,pred_TSM_low,true_TSM_close,pred_TSM_close,true_NVDA_direction,pred_NVDA_direction,prob_NVDA_direction,true_GOOGL_direction,pred_GOOGL_direction,prob_GOOGL_direction,true_AVGO_direction,pred_AVGO_direction,prob_AVGO_direction,true_AMD_direction,pred_AMD_direction,prob_AMD_direction,true_TSM_direction,pred_TSM_direction,prob_TSM_direction
2025-04-10,0.12573022,0.5507429,-0.13210486,-0.49316537,0.64042264,0.8394639,0.104900114,0.5691647,-0.5356694,-1.2026274,0.36159506,0.7385129,1.304,1.4159085,0.94708097,0.49438375,-0.70373523,-0.90339935,-1.2654215,-1.4708921,-0.62327445,-0.96997434,0.04132598,-0.1338653,-2.3250308,-3.2699485,-0.21879166,-0.3087788,-1.245911,-0.34154934,-0.7322674,-0.55978024,-0.544259,-0.89247143,-0.31630015,-0.07788083,0.41163054,0.74004227,1.0425134,1.2912539,0.0,0,0.21040515510055358,0.0,0,0.01577887754006163,1.0,1,0.9889761062254647,1.0,1,0.81529530705665,1.0,1,0.8395580983450782
2025-04-11,-0.12853466,0.4157067,1.3664634,0.86813545,-0.6651947,-0.15707362,0.35151008,-0.2387313,0.90347016,0.98566926,0.0940123,-0.7038276,-0.7434993,-0.616255,-0.9217254,-1.7828878,-0.45772582,-0.36334974,0.22019513,1.6494942,-1.0096182,-1.8955907,-0.20917557,-0.1555418,-0.15922502,-0.057106145,0.5408456,0.51812893,0.21465912,0.5173224,0.3553727,-0.3430532,-0.6538286,0.15011996,-0.12961364,0.12230393,0.7839755,1.129479,1.4934311,1.4561068,0.0,0,0.002342904119608502,1.0,1,0.7796757435405809,1.0,1,0.9555982484438584,1.0,1,0.9609304588557467,1.0,1,0.8394611563613673
2025-04-14,-1.2590655,-0.84364885,1.5139238,0.8326945,1.3458754,1.803234,0.7813114,0.479347,0.26445562,0.44331953,-0.31392282,0.046664715,1.4580207,1.8185736,1.9602584,2.3984857,1.8016349,2.0207005,1.3151038,0.6498412,0.35738042,0.8964175,-1.2083186,-1.046769,-0.004454133,0.14132258,0.65647495,-0.03498745,-1.2883614,-1.3037126,0.39512205,0.64056104,0.4298637,0.6497028,0.6960427,0.786024,-1.1841179,-0.62152743,-0.6617026,-1.186238,0.0,0,0.27177544220045224,1.0,1,0.8609004943209642,1.0,1,0.9861894071329551,1.0,1,0.7741765060001629,1.0,1,0.7903811111109432
2025-04-15,-0.43643525,-1.0847569,-1.169802,-2.1284423,1.7393678,1.8660675,-0.49591073,-0.23093432,0.32896963,0.42811882,-0.25857255,-0.18782419,1.5834728,0.56259894,1.320361,1.5588855,0.63335264,0.47773856,-2.2035098,-1.3334692,0.052028973,-0.57015777,0.6836862,0.1327042,1.0039616,1.1798333,-0.61790705,-1.5463667,1.8220114,1.4262836,-1.320431,-0.6181952,-0.66152805,-0.44134057,0.93505,0.7330826,0.049054615,0.9415838,2.0023925,2.2083316,1.0,1,0.7780773067194122,1.0,1,0.7667635532677518,0.0,0,0.21549632666405508,0.0,0,0.16537567264149985,0.0,0,0.1724236748078298
2025-04-16,0.1885192,0.32442695,-0.6331941,-0.9023375,-0.3775635,0.27318123,-1.0911461,-1.9261979,-1.2776802,-0.6488574,0.6304115,1.1096563,0.5811658,0.60227007,1.2945588,2.307372,-0.75460577,-0.6160406,1.6891074,1.8639737,-0.2873877,-0.7127617,1.5744083,1.3411313,-0.43278584,-0.12460166,-0.7354833,-0.4322683,0.24978538,0.4131348,1.0314531,1.1807485,0.16100958,0.8025656,-0.58552885,-0.7008482,-1.3412197,-1.1515895,-1.4015203,-2.1685185,1.0,1,0.7825664572775266,1.0,1,0.9497603346516701,1.0,1,0.9008442577468944,1.0,1,0.7824762575387195,0.0,0,0.05929005615237401
2025-04-17,0.50268286,0.92863196,0.989713,0.8548571,-0.16429459,0.6434405,-1.0743649,-0.76651794,0.87304217,1.1063843,-1.280394,-2.1799233,-0.71306807,-1.4619058,0.6210179,0.56629443,-2.2501411,-2.5774474,0.3863696,0.12059221,-0.58164084,-0.7657752,0.1092797,-0.3177343,-0.07570153,0.35935846,0.20211439,0.4102534,0.69417197,1.4842045,-0.75836974,-1.262989,1.420982,2.4800725,0.72609377,0.44990054,0.84373266,0.94090855,1.164864,2.140651,1.0,1,0.7061331431037301,1.0,1,0.8236664541132944,1.0,1,0.9476474695460364,1.0,1,0.7233481763143077,0.0,0,0.09011585377195497
2025-04-18,0.78758824,1.3319409,0.84407866,0.07275015,0.07559361,0.5048999,-1.4267739,-0.6586307,-0.1350451,0.0862343,-0.7695146,-0.4376893,-1.4227418,-1.9037347,0.2584528,0.24223837,-0.56854945,-0.81450653,-1.0298045,-1.6984346,-1.043001,-1.4456836,0.2684171,0.046211705,0.35867196,-0.06134838,1.3224574,0.9387294,-0.013914669,-0.36203295,1.0418397,1.7347744,1.4022648,2.1297526,1.1501657,2.3578238,-2.365304,-2.7484605,1.2286837,1.4065218,1.0,1,0.9663856860199983,1.0,1,0.969410292476921,1.0,1,0.7947238733369614,1.0,1,0.939555198013861,1.0,1,0.9252849183317227
2025-04-21,0.33962,0.39992994,0.42377135,0.14412576,0.3712274,-0.02548936,0.38275716,0.84004366,0.31941423,0.80259156,-0.3589133,0.6658553,-1.9016353,-2.462781,-0.108914725,0.60229623,-0.80373186,-1.0630426,1.0801634,0.5606125,-0.2887665,0.1576773,0.08347536,0.054216504,-0.849606,-0.03501904,-0.51062244,-1.4147464,-0.011533062,0.56634486,-1.4853752,-1.9665401,0.3006851,-0.06551242,-0.106072254,-1.1362667,-1.1857198,-0.88431954,-2.398233,-2.5976098,0.0,0,0.2935360943645607,1.0,1,0.8307287347530288,0.0,0,0.11596094010145266,0.0,0,0.053693827226206005,0.0,0,0.24610696910953023
2025-04-22,0.5130521,1.1382025,-0.29758403,-0.15934968,-0.53000844,-1.0175073,-0.23615463,-0.7546573,1.816476,1.2556689,-0.04980097,-0.71278447,0.086619265,0.33677155,-1.4870728,-2.0378957,1.6473391,1.342031,0.917488,0.9190244,1.0669348,0.9292346,0.04767273,0.083119616,0.91665477,1.2671914,0.37094682,0.6141128,0.6131891,0.06091255,-0.15219297,-0.15915594,-1.4738879,-2.2170618,1.0288544,0.8787865,-1.9349597,-1.7193112,-0.23993666,-0.41629535,0.0,0,0.08585384896390537,0.0,0,0.2402587334613155,0.0,0,0.14306055164910186,1.0,1,0.8808379645783211,0.0,0,0.27946778873075623
2025-04-23,-0.20452249,0.014113829,-1.0428602,-0.34412885,0.6131231,1.3148689,-0.2003297,-1.298893,-0.43686834,-0.77947295,0.51984173,0.45570168,-0.47657904,0.054357857,1.38898,1.1942921,0.35145506,1.2180566,-0.474333,-0.168398,-1.944265,-2.38773,-1.3077532,-1.7458698,1.0868307,0.69991124,-0.050604064,-0.87697864,-0.28312507,-0.4217636,1.6432517,2.342156,-1.2826493,-1.0720711,-0.5856578,0.019453585,-0.47258767,-0.77797663,0.58633727,0.17278492,0.0,0,0.16409801617549116,1.0,1,0.8920554081801424,0.0,0,0.17117651008107565,1.0,1,0.8535553831331395,0.0,0,0.16671785940125217
2025-04-24,-0.6635352,-0.8717139,-0.61341786,-1.0664465,-1.6051494,-0.622873,0.7293494,0.58757657,0.80613935,1.3144242,-0.47637674,-0.31527412,0.16333994,-0.117738545,-1.2926462,-0.7844517,-0.47181314,-0.18497503,1.3779509,1.5679147,0.13573073,0.12803407,2.3103635,2.4482899,-0.78719276,-0.5050281,0.5802844,1.4470464,-0.19550583,-0.3335495,0.56581783,0.34077096,-0.0072113597,-0.57970905,-0.5611981,-0.6203571,-0.8676168,-0.6888422,3.0660367,3.9670625,1.0,1,0.8465451303954724,0.0,0,0.14257342799528444,1.0,1,0.9139564299801878,0.0,0,0.02817020500180396,0.0,0,0.02215163245364019
2025-04-25,-0.07734506,-0.6244427,-2.0166607,-3.057076,-0.6486006,-0.91911423,0.6780397,0.544594,-0.5000084,-0.8620034,1.3604462,2.499392,1.0023983,-0.4308567,-0.15233864,-0.713608,-0.47221595,-0.74182546,-1.004801,-0.78058803,-0.69996655,-0.30800277,-1.4731431,-1.4479069,1.2043962,1.4979945,1.5907007,1.4279524,-1.2561381,-2.0977395,-1.181683,-1.1798948,-1.7685119,-2.319502,-0.96385425,-2.1070378,-3.1063368,-3.537424,-1.1422789,-1.350407,1.0,1,0.8763111462671431,1.0,1,0.8981252026699456,1.0,1,0.8667325396416604,1.0,1,0.8606826602375264,1.0,1,0.8360494840380548
2025-04-28,1.2969154,1.2830889,-0.34567252,-0.34438276,0.8545842,0.91018605,-0.48896906,0.29585662,1.7606673,1.8977345,0.19921799,0.32953483,-0.3820023,0.34135777,2.552424,3.1323342,-0.32447186,-0.74128354,-1.2212234,-1.0243626,0.20191,-0.19402607,-0.038835037,-0.016714294,1.0663246,1.8297551,-0.9216339,-0.857943,0.80471694,0.6289252,0.85274845,0.19038308,-0.6676873,-0.47244942,0.16324401,0.118186414,-0.83075196,-0.41554412,2.345808,2.7154484,0.0,0,0.09544885560703269,0.0,0,0.2548790543156477,0.0,0,0.29402097239145025,0.0,0,0.2846635001702566,0.0,0,0.1287426277229953
2025-04-29,-0.7041396,-0.31713274,-0.45307446,0.13612413,-1.065838,-1.1372066,-0.34612128,0.3399953,-0.0058760266,-0.8372544,0.7677891,1.3452365,-0.6104866,-1.147403,-0.18577395,-1.0682808,-1.4164894,-1.5269802,-0.82740223,-0.9705367,2.7558076,3.2117934,1.0412432,0.6536957,-0.78142405,-1.3841403,-1.3373972,-1.2729205,-0.97558284,-0.7353178,-0.02169086,-0.43932492,0.03472779,0.097496934,-0.7443606,-1.3422723,-1.2865745,-1.2234241,1.4223785,1.4070423,0.0,0,0.042085316526776315,1.0,1,0.8138770634644057,1.0,1,0.8179973992144985,1.0,1,0.995891947927888,0.0,0,0.052166794935756745
2025-04-30,0.45168546,-0.79612494,-0.37456802,-0.1368197,-0.22066121,-0.3160597,-0.52953047,-1.0216517,-2.9360454,-1.9963932,0.11566183,0.34974816,-1.0705444,-1.2932211,-1.0026844,-1.3105228,-0.6402624,-0.5102349,0.7323017,1.1613497,-1.1705308,-1.1065925,-1.4342815,-1.1526108,0.63985205,0.16400406,0.7543689,0.64720315,-0.9589337,-0.4424802,0.56239766,0.6208619,-0.29163244,0.0109182,0.30129218,0.15928616,-1.2609602,-0.60944486,0.83289444,0.5064356,0.0,0,0.1948143179231312,0.0,0,0.2508073603541853,0.0,0,0.07020601135585143,1.0,1,0.9417828551200984,0.0,0,0.2653716845443292
2025-05-01,1.203259,0.80115974,0.6370732,-0.021500766,0.55833995,0.70681673,-3.7722752,-3.840084,0.26062974,0.68147683,-0.025445316,-0.26228642,-0.14704551,-0.9353242,-0.630578,-0.6093593,0.055364974,-0.39225456,0.4121174,0.084905654,-0.26378816,0.26422268,-0.46332413,-0.23713712,1.2297539,0.9991175,-1.1053671,-1.1248897,1.0301552,0.4324605,0.17681247,-0.50836074,-0.8043057,-0.52917445,-0.2899819,0.28474164,-0.9199936,-0.7207657,0.6750645,0.149091,0.0,0,0.2036076015180754,1.0,1,0.7512115382515848,0.0,0,0.17908255291866867,1.0,1,0.840999094554483,1.0,1,0.7618736550715816
2025-05-02,0.34790176,0.2841502,-0.5567962,-0.60528827,-1.1022183,-1.1333078,0.3017161,-0.3650068,0.9573856,1.1888664,-0.11383635,-0.21354692,0.4183525,-0.14362791,-0.37602714,-1.3023486,0.0675692,-0.54245925,-0.29128292,-0.68416154,0.29404214,0.4070791,-1.5097725,-1.1243165,0.64419055,-0.13661712,-0.22993249,0.10295403,0.35860807,0.7550355,-0.34031013,-0.72034204,0.3203612,-0.064570814,-1.0725628,-0.14223301,1.1891544,1.0681471,-1.7035446,-1.4056551,0.0,0,0.17523228431295976,1.0,1,0.7699385772604938,1.0,1,0.7011304451478757,0.0,0,0.207220825724895,1.0,1,0.7151967704251478
2025-05-05,-1.0392388,-1.2163222,0.23566607,0.08745006,1.4628422,0.7207076,0.2781263,0.16520718,-0.24790846,-0.8391582,-1.4250902,-1.9059982,-0.19127667,0.05102168,-0.019877011,-0.29702714,1.6905687,2.7687478,0.6221252,0.48983765,-1.5290929,-1.1248882,2.0267792,2.210828,-0.39500988,-1.1271026,-0.87945974,-2.004013,1.4748226,0.63355434,-0.04975576,-0.15083128,-0.3674026,0.16902506,0.21878599,-0.106232986,0.8448888,0.92103785,0.9933362,1.0758916,1.0,1,0.7948935009235595,1.0,1,0.9052532560396169,0.0,0,0.09984285295998904,0.0,0,0.1016366046894356,0.0,0,0.2680198774433241
2025-05-06,-1.3752024,-0.052539945,1.9984815,1.7223296,0.94686157,0.6847975,-0.37920105,-0.40974933,-0.81865984,-0.7545532,-0.96901244,-2.1243708,0.12337844,0.1117,-0.6480163,-0.9513276,-0.764874,-0.8420748,0.8112544,0.31813547,0.36456734,0.7660501,-0.39457124,0.13448024,0.7342476,1.0078206,1.3673786,1.8036641,-1.0944964,-1.5400906,-0.60329187,-1.0391079,0.9426218,0.6341747,0.71894056,1.0692072,0.22669886,0.69734675,1.1624212,1.6146718,0.0,0,0.048295309080947244,1.0,1,0.9354238237298892,1.0,1,0.7349223582093323,0.0,0,0.08290009718819202,0.0,0,0.08804621526221908
2025-05-07,-1.0882118,-1.0045848,-1.4791378,-1.3374337,-0.86650735,-0.45410433,0.122544095,-0.22522627,-0.7960868,-0.97553384,-0.48721814,-0.28992224,-0.97500014,-0.19089931,-0.62042916,-0.3072311,-1.0047872,-1.0208783,0.3674662,0.11904003,0.79489106,0.8660011,-0.48044595,-1.8474224,-0.2072658,0.1505509,-0.5810326,-0.3377657,0.5312512,0.104857385,0.08905604,0.2574391,1.5941569,1.6251514,-1.095472,-1.6108742,0.3625025,1.0476948,0.4439914,0.53117925,1.0,1,0.7502240676140941,1.0,1,0.9955539168040966,1.0,1,0.8444077747760533,0.0,0,0.1663828835906387,1.0,1,0.7516611762353352
2025-05-08,-0.36044016,-0.8813473,0.5835341,1.6687323,-1.4385227,-1.4611299,2.118803,1.7827332,-1.3420445,-0.96825176,0.91980726,1.3654361,-1.1211227,-0.96383166,1.1508831,-0.30268443,-0.38477403,-0.41218284,0.1584229,0.12137118,0.053343754,-9.145588e-06,1.1007341,1.4122404,-0.32154745,-0.19681793,-2.9671838,-3.0883467,-0.76005876,-1.4912515,0.18371232,0.52186817,-0.4404682,-0.5656272,0.76982087,0.8504183,1.015327,1.5953833,-0.1477718,0.27748173,1.0,1,0.8112373954018859,1.0,1,0.7987279008326329,0.0,0,0.01845294883294706,1.0,1,0.9267514072963079,0.0,0,0.1199529385113837
2025-05-09,-1.4896454,-1.3943737,1.3841652,0.93591726,1.0830535,0.6587098,-0.29919115,-0.94882894,2.1082885,1.8308632,-0.34887546,0.5401718,-1.1371198,-1.1849903,-0.15587343,-0.17150687,1.0778338,1.1119812,-0.93745345,-0.649145,1.951225,2.5465155,-0.8965262,-1.0010177,0.9544223,1.3573501,0.5444624,2.0965164,-0.15405706,-1.4115936,1.080533,0.9279223,-1.4997988,-1.5361801,1.3575718,1.3747096,-0.06368403,0.03447979,-0.5424352,-0.8708074,0.0,0,0.1325938719887172,1.0,1,0.9920713013702553,0.0,0,0.04526147180019333,1.0,1,0.9504798594043482,1.0,1,0.7839594236812141
2025-05-12,0.74917406,2.3216913,1.059899,0.90884644,0.7697954,0.8824063,1.9995039,1.8887744,1.080726,1.347561,1.2835066,1.5490166,-0.53986394,-0.38498858,0.106523775,0.8138625,0.56298256,0.49297816,-0.017742237,0.48720965,0.30163524,-0.43450275,0.42610475,0.9357035,0.84424394,1.1144266,-0.10160889,0.18699865,-0.34979922,-0.27957934,-0.8283157,-0.99153066,-0.89173234,-2.0639427,1.1724513,0.8891674,-0.08452149,-0.21016648,0.7869444,0.40283632,0.0,0,0.06679858943660667,1.0,1,0.7297563097028801,0.0,0,0.25342260946357503,1.0,1,0.7138059735967186,0.0,0,0.006287068975684251
2025-05-13,-1.2973639,-1.0893245,-1.938168,-2.1235948,-1.0490912,-0.7798822,1.146627,0.8508314,1.0680774,1.2979503,0.3320386,0.37497556,-0.80217016,-0.88207686,-0.13080265,-0.69122344,-0.2977605,0.35253668,-0.34497336,-0.531922,-2.50607,-3.1211488,-0.85792637,-0.18880004,-0.19010888,-0.61294323,1.5164278,1.0712942,0.16074306,0.24151328,1.4008883,0.6845608,-0.39370692,-0.72575647,-0.2526886,-1.1529375,-3.8994217,-4.8489738,0.46333033,0.45714632,0.0,0,0.24220985698615677,0.0,0,0.2776421148364579,0.0,0,0.14259389480332663,0.0,0,0.1063914428911167,1.0,1,0.9101615969698357
2025-05-14,0.54709566,0.44182566,1.763759,2.3908153,-0.4867612,0.41542572,0.09415416,0.2308237,-0.70552796,-0.4996724,-1.176257,-1.7704172,-0.71310794,-0.94044524,-0.34499854,-0.2957621,1.355438,1.846666,0.0022116026,0.30756047,-0.7905448,-0.875,0.14187783,0.04834473,0.21757136,-0.19203816,-0.67623204,-1.3818402,1.1432337,0.68975675,-1.8883489,-1.9212528,-0.21354462,-0.10278652,0.66506606,0.5553436,-1.3384326,-1.1939679,0.36125374,1.2652645,1.0,1,0.7495760111004334,1.0,1,0.7140925827333566,1.0,1,0.93083157639075,1.0,1,0.9808805721208036,1.0,1,0.8964820333457414
2025-05-15,1.292893,1.4007264,0.45367128,0.30036122,-1.6901599,-1.7458047,-0.728195,-1.735954,1.2323034,1.5107024,0.29833525,0.41307616,-0.009858939,0.112209104,0.44120058,-0.003702134,0.72104895,0.3171166,-0.7084652,-1.4139677,-0.2904001,-0.26944825,0.14291365,1.5639403,-0.5439577,-0.32112896,-0.13345155,0.8871728,1.2978717,0.8956341,-0.96781987,-0.89280826,1.9266627,2.4389918,1.8793443,2.4828706,-1.7134395,-2.595203,-0.14102267,-0.38196516,1.0,1,0.9708333311453616,0.0,0,0.28496429702437465,1.0,1,0.7963628337897735,1.0,1,0.8755345910087644,1.0,1,0.8284148652020499
2025-05-16,0.34269157,0.83243287,-0.7608711,0.062021494,-0.7410805,-1.0855529,-0.2374157,-0.63952947,0.73917806,0.021430433,-0.5113338,-0.592018,1.8266938,1.4532729,0.289974,1.1408125,-0.10257529,0.601822,1.4492596,1.5438967,0.6262812,1.2977586,0.36928678,0.74425536,-0.33114037,-0.30528143,1.8139856,2.1786036,0.8118216,1.1813141,-0.20341134,-0.19090855,-1.5771991,-1.8913896,0.37295154,0.26144147,-1.14374,-1.036702,-1.715946,-1.043977,1.0,1,0.9186552124054262,1.0,1,0.7147461010639189,0.0,0,0.25019413536570706,0.0,0,0.223646031614152,1.0,1,0.898923238611973
2025-05-19,-0.2791515,-0.5930717,0.2814711,0.20215465,1.2824812,1.8809022,0.28245184,0.031980306,0.80601954,1.2785385,-1.2258826,-1.7400243,-0.022532178,-0.19585186,0.12421132,0.003753081,0.86224616,1.5827546,0.116060674,0.1605942,0.80407894,0.17805237,-0.50419927,-1.1305037,0.35795492,1.3417816,0.4148664,0.6846809,-1.2497758,-1.4764917,0.17553863,0.5953467,-0.32036254,-0.65954244,-1.9040879,-1.7128578,0.9584067,0.6417327,-0.36185867,-0.2971171,0.0,0,0.24256732110625615,1.0,1,0.8907598140376967,0.0,0,0.26039818504577195,1.0,1,0.7142761411428317,0.0,0,0.15040112265994032
2025-05-20,-0.85239005,-1.4456372,-0.37731674,-0.18421431,0.1382003,0.66397816,1.5079095,1.4174099,-0.1659332,0.12933953,0.4724075,0.09215507,1.3735794,1.2450134,0.53355056,0.63267887,1.0685642,1.4859923,-0.47650987,-0.44218138,0.7710493,0.5223444,-0.057976,-0.6314961,1.0744113,1.0055639,-1.0035596,-1.5837828,-0.77955776,-0.3778778,1.2687316,0.37644863,-0.19608398,-0.08103834,-0.35896066,-0.48300552,0.07757242,-0.06780349,-0.6894975,-0.70360976,0.0,0,0.0332701094463647,0.0,0,0.18574713300951498,1.0,1,0.9639865979207793,0.0,0,0.030557697446547225,1.0,1,0.7020144940431929
2025-05-21,1.3319414,1.6495277,-1.2491627,-1.0943441,-0.150598,-0.8219943,0.3469528,0.8733286,-0.10444707,-0.6174976,-0.8022875,-0.920306,-0.8683892,-0.57976174,0.42539442,0.36485192,-1.0304805,-1.4882106,0.6462427,0.27612716,-1.5241483,-1.7650875,-0.5549831,0.17380524,0.036306024,-0.6325458,-1.252152,-0.7275763,0.65201086,-0.014222264,-0.018538814,-0.28281286,-1.0360737,-0.79173243,-1.5188882,-1.9115375,-1.5655894,-1.6135802,0.051033944,-0.09922619,1.0,1,0.8204691710922929,0.0,0,0.025906418587511904,1.0,1,0.8942219718189315,0.0,0,0.13830390018702043,1.0,1,0.8371114532834243
2025-05-22,-1.1568301,-1.6360103,-1.3648796,-0.54312426,-0.23122594,-0.31830364,2.2775006,3.0466464,0.27754036,-0.7839935,0.76291883,1.3039186,0.21271835,0.2033199,0.7829822,0.71723205,-1.3430886,-0.7850446,-0.43051198,0.024645656,0.26135084,0.88360417,-0.017916815,0.39532837,-0.19199322,-0.31737167,-0.6658761,-0.88910043,-0.2583831,-0.51745903,-0.7741978,-1.3565583,-2.421833,-1.9169651,-1.1945084,-0.79438365,0.47565293,0.6390245,1.557078,1.3532405,1.0,1,0.9079692205296597,0.0,0,0.1095701649976737,0.0,0,0.2547467547766602,1.0,1,0.8662814215265182,0.0,0,0.0892273366527726
2025-05-23,1.8135802,1.4174675,0.09675174,-0.10684351,0.8933836,0.78195536,0.90797794,1.165179,-0.6922592,-0.37038684,-1.6979399,-2.4833188,0.030887319,0.07383159,-1.762201,-1.6851426,-0.3199296,-0.16715445,0.6081171,0.080367744,-1.4200695,-1.3000177,0.032295384,-0.13054949,1.2400181,1.4940629,0.36151248,0.54111797,0.5223217,0.8686068,0.9067404,1.6493167,1.7329631,1.9728532,0.15142308,0.43864423,1.2295009,1.6982236,-0.06416921,-0.4777962,1.0,1,0.777484679572636,1.0,1,0.712405913150748,0.0,0,0.031023472943378625,1.0,1,0.7043257626027469,0.0,0,0.24983978921642447
2025-05-26,-0.5461688,-0.7978275,0.31482098,0.30025035,-0.60581285,-0.7673003,-0.57312924,0.23179811,-0.60774064,-0.5829781,-2.2954242,-2.9063885,0.105499476,-0.72147167,-1.2638353,0.06572795,-0.10726912,-0.112984635,1.4499688,1.9510064,-0.5210003,-0.18786854,-0.5420092,0.34478313,1.3639094,1.3365229,0.5463058,-0.6429467,0.9765271,0.34969687,-0.35529125,-0.46018344,0.74808323,0.45710224,-0.6861686,-0.37635657,-0.6760017,-0.9159543,0.5962443,1.5393517,1.0,1,0.9960020188928358,0.0,0,0.07994761733513518,0.0,0,0.14016499459211967,0.0,0,0.010411473173074082,0.0,0,0.24861488262180775
2025-05-27,-0.5983732,-0.9116135,0.7671185,0.97104037,2.3916845,1.6375818,-1.6861526,-1.1852162,-0.75220436,-1.5446584,1.1201462,1.1742377,-0.14507817,-0.22830027,1.1610899,0.5179262,-1.0100642,-1.4481679,0.3313442,0.53914505,-0.15055631,-0.486543,0.14037073,0.42538837,0.33111602,0.09179965,-1.2200063,-1.0805981,-1.0741374,-1.3829367,1.399244,1.7966119,0.29321373,0.07538694,0.10634633,-0.5027277,-0.04407472,0.097505696,0.3565425,0.8587817,1.0,1,0.9573885044918886,0.0,0,0.018099120821430392,1.0,1,0.9547402643917797,1.0,1,0.7764115771735791,0.0,0,0.27308155366220777
2025-05-28,-1.1559367,-1.4939184,-0.9990273,-1.052194,1.3045082,1.1246215,0.15127522,0.6344733,0.85030085,0.51556087,-0.605664,-1.0180106,1.3767254,1.0240613,0.3452784,0.74829686,0.48124582,0.3889629,0.54872936,0.9866718,-0.7970092,-0.90509194,-1.8657209,-1.859758,-1.0748026,-1.5275841,1.6305228,1.5706573,1.300684,0.525447,-0.34692135,-0.2851354,-0.30167633,-0.8072764,1.0366058,1.0527421,-0.16840987,-0.09965232,-1.2992599,-1.0187509,0.0,0,0.21700430045611221,0.0,0,0.2544465824482696,0.0,0,0.29610321603280454,1.0,1,0.862647862838533,0.0,0,0.18679473206776684
2025-05-29,1.2655431,1.2169683,0.47717857,0.24812764,-2.5163398,-1.4074788,-0.3131901,0.34692055,0.1436702,0.33494246,0.48124683,-0.029994965,0.15215118,0.3960559,-0.6357418,-1.086374,-0.115759045,0.34864542,0.2948003,0.14786686,-0.2680041,-0.33217335,-0.3719007,0.49187353,1.2520839,1.8987877,-0.9466077,-0.7072587,-0.34946346,-0.46754035,-2.031269,-2.6287823,0.54096997,1.0219625,0.8282645,0.8049855,0.5484868,0.5260662,0.9176725,-0.10344875,0.0,0,0.03812262081080594,1.0,1,0.7458989881507739,1.0,1,0.8817508204053036,1.0,1,0.9865254624953236,1.0,1,0.9051701553616625
2025-05-30,0.44070673,-0.10752845,0.34251538,-0.65516734,0.47394708,0.50759226,-0.26730844,-0.3266744,1.1883279,0.2732829,-0.34857208,-0.37806353,-1.4623519,-1.9100318,0.8497836,-0.37012452,1.8507028,2.1097429,-0.96015114,-0.0060740113,-0.10163113,-0.4268505,-0.68544203,-0.37380347,-0.38058326,-0.3973584,0.046092972,-0.15831834,-1.2418084,-0.17577004,-0.27765366,-0.8673054,-1.4659674,-1.1345614,-0.56822765,-1.2174907,-1.1860696,-1.7373877,-1.0590607,-0.70114017,0.0,0,0.07360231644337513,0.0,0,0.07976388091924218,1.0,1,0.7782050001420069,1.0,1,0.7503627622558191,0.0,0,0.14016000305692553
2025-06-02,-1.7199106,-2.217406,1.2193546,1.2108665,0.5090591,0.23769608,-1.917464,-1.8086541,-0.59682757,-0.95946956,-0.6704386,-0.42982072,-0.69094414,-1.154303,-1.4468836,-1.4640925,0.7543857,0.5760816,-0.39586377,-0.962379,0.46814892,-0.21821722,0.52675575,0.21420586,1.3754454,0.18708956,-1.8148723,-0.6597581,1.7386022,2.1955655,1.2688153,1.4824734,0.573066,1.4281725,2.3835921,1.2755834,0.2049786,0.5553475,0.8214789,0.032992244,0.0,0,0.023289724254618838,1.0,1,0.7163656166548709,0.0,0,0.15580203987104946,1.0,1,0.8883987950773726,1.0,1,0.7181552958481893
2025-06-03,-0.738414,-0.5723692,1.1343575,1.10292,0.16782597,-0.6463448,-0.45120016,-0.11940086,2.1169393,2.6824763,-0.30479968,-0.16904084,0.008861328,0.09786184,-0.19727996,-0.11525575,-0.7556709,-1.4234465,0.5312724,0.5032755,0.7384096,1.0926371,0.35437253,0.5052143,-2.3605783,-1.5802968,1.007997,1.1050597,-0.35023835,-0.80310655,-1.2163234,-1.0100979,0.60328096,0.92915404,0.5628494,0.328303,-1.0430737,-0.7426965,2.4724357,2.8818882,1.0,1,0.7489507071686983,1.0,1,0.8941628181489154,0.0,0,0.29747174951244304,0.0,0,0.12467606643276778,0.0,0,0.10927306955816067
2025-06-04,-1.2096266,-1.5023774,-1.7330027,-1.3296313,-1.1541715,-0.6467863,1.4207999,0.82756156,-0.17585672,-0.18978378,-0.3720567,0.015027195,-0.06215772,-0.01225134,-0.5966139,-0.20430815,-0.6902634,-0.91471595,-0.6412155,-1.2647709,0.70795554,0.7717052,1.0204558,0.03443563,-1.0550926,-0.91756904,0.23922797,0.9860751,0.78820723,0.9820188,-1.081752,-1.2886904,-0.5025666,-0.80951655,-1.0380641,-1.0557343,-1.2910285,-0.2578317,0.10186287,0.4962148,0.0,0,0.25273952451432585,0.0,0,0.09919404614420002,0.0,0,0.249873592590408,0.0,0,0.08332222291958885,0.0,0,0.18671132726932996
2025-06-05,-0.7361324,-0.7926053,0.6311291,0.45244184,-0.029421922,0.07245904,0.41262737,1.3387722,-0.2922829,-0.7976172,-0.63499737,-0.98071945,-0.090673134,-0.35664475,-0.0049961302,-0.036306612,-0.7058555,-0.54050136,0.42659545,1.3993118,0.74659485,1.0941173,0.15808271,-0.6640918,1.7134908,1.0213413,-0.632339,-0.7546209,0.52059644,0.5469908,-0.4087348,-0.21697755,0.2346295,-0.09747924,-0.8299493,-0.957217,1.1151234,0.5370828,0.1760209,-0.33378172,0.0,0,0.14617745589952932,0.0,0,0.25244184367985,0.0,0,0.22757026403822517,1.0,1,0.8690488307088823,1.0,1,0.845665313719809
2025-06-06,1.1922445,1.1551872,-1.2660955,-0.77094936,-0.49351522,-1.1396575,-0.8925658,-0.35542798,-0.5319419,-0.661396,-0.69260967,-1.1276679,-0.12054093,0.23979126,-0.017247144,-0.1631143,-0.040984865,0.050604086,-0.5555239,-0.6512814,0.18742518,0.09929164,0.8756155,0.7811596,-0.90227556,-0.6383611,0.000888625,-0.41318357,-0.074070886,0.5639615,0.46835464,0.91785216,-0.06385858,0.294172,-0.015664803,0.18388726,-0.9910958,-0.8805545,0.02170384,0.6458255,0.0,0,0.020542684793279562,1.0,1,0.8375618256327257,1.0,1,0.7350979455934219,0.0,0,0.032581251905227857,1.0,1,0.7761157438427329
2025-06-09,-0.9218845,-0.49110052,0.5157043,0.64760315,-0.103218935,0.095284544,0.03985842,0.83233035,-0.89119035,-0.07266283,0.8037576,1.5331392,0.6923139,0.61101633,0.8615239,1.5999004,2.227386,2.1089823,-0.05251938,0.3968261,1.2034029,1.5099666,-0.12382781,-0.14048573,0.39408728,0.7372043,0.36533743,0.76769775,0.26459175,0.14460164,0.6582562,0.73314345,-0.3039364,-0.7727728,0.040932283,1.314378,0.5353097,0.15307486,1.7478539,1.985467,1.0,1,0.8840943338036175,1.0,1,0.7016537011780624,0.0,0,0.2043024959253081,0.0,0,0.15824681397541362,0.0,0,0.19191519432151086
2025-06-10,-0.8423567,-0.7768785,-1.8061327,-1.2859704,-0.4840855,-0.7307811,0.08992843,0.59305024,0.1749771,0.8671098,0.09221779,0.26451716,1.1827902,1.0207279,0.9760498,1.2889266,-0.049267907,-0.62428933,-0.46954712,-0.38664344,-0.34600887,0.31297967,-0.35630414,-0.24943794,-0.22559947,-1.3440876,-1.5726506,-1.931566,-0.46104074,-0.48125166,-0.42488003,-0.62964046,-0.18888038,-1.1407503,-0.2543,-0.87123406,0.67200714,1.0687096,-0.5319434,-0.5075794,1.0,1,0.7883261021519135,0.0,0,0.1181937130104516,0.0,0,0.1711458466149848,0.0,0,0.21751950869156014,0.0,0,0.1740955762141524
2025-06-11,-0.4385777,-1.7559154,0.5419388,1.0343554,-0.23531485,-0.35104996,0.21645473,0.1599211,0.6693357,0.019380987,0.4219695,0.6557933,0.25016245,-0.11161253,-0.19644156,-0.36067957,0.6818941,0.10456663,0.17554994,-0.91368467,-0.5048528,0.15127039,-0.15080918,-0.6978622,-1.2181294,-1.6124027,-0.96155596,-0.994706,-1.882908,-1.5306382,-0.6799314,-0.9712761,1.3355454,1.5811136,-0.5564888,0.3553217,0.7875408,0.9877646,-0.0034498542,-0.33175144,0.0,0,0.15209074489311133,1.0,1,0.7674804347642428,1.0,1,0.9018260042004915,1.0,1,0.7135733345618779,0.0,0,0.16155962489238584
2025-06-12,-0.7005488,-0.12500942,1.3382795,0.9015572,0.58220583,0.36725798,-1.7518005,-1.4763249,1.0414022,1.2551258,-1.0747916,-1.8537881,-0.17791395,0.8440667,0.6681134,0.97596884,-0.29985315,0.36033177,1.118944,1.1224682,0.7612638,1.5060282,-1.5768756,-1.8660266,-0.47243416,-0.50046957,0.28207374,0.26299563,-0.5749987,-0.19635376,-0.21627651,-0.9009687,0.7997849,1.2358966,0.3167813,0.14318874,-0.920619,-1.2098441,0.17460637,0.31945992,0.0,0,0.15861977756923235,0.0,0,0.1535613738575097,0.0,0,0.2932497022581392,0.0,0,0.24623008487737585,1.0,1,0.7490028220461573
2025-06-13,-0.61226964,-1.592336,-1.2151923,-0.9166002,-1.1300559,-1.5494976,0.28695554,0.4925037,-0.028113706,0.23083289,0.0054318085,1.5745418,-1.146209,-2.4782665,-0.18392955,-0.637432,-1.0371675,-0.061124444,-0.9263938,-1.415212,-0.16512676,-0.26342243,-1.3833904,-1.5145342,0.66926724,0.35334247,2.486883,3.4678507,0.45882326,0.45867822,-1.0429032,-1.2617983,-0.27118552,0.41656297,-1.5554379,-1.7958697,-0.37761638,-0.43785414,0.5073139,0.41055572,1.0,1,0.7505724949241243,1.0,1,0.9677695503086796,0.0,0,0.2976383642210586,1.0,1,0.7575317382972627,0.0,0,0.2943575068783222
2025-06-16,0.5893848,1.5064857,-1.0317428,-1.2534201,0.29914564,-0.3649282,1.1564081,1.4846839,1.7550915,1.2500393,-0.7007949,-1.0457039,-0.8642,-0.7159105,0.05441587,-0.1177149,-2.92809,-3.5542514,-0.531034,-0.5437413,-0.27097496,-0.8397211,-0.45934197,-0.39418444,-1.5838733,-2.1713202,-0.24555111,-0.4304028,-0.77660865,0.116858065,0.75748307,0.32553223,-0.9184748,-0.90909666,-0.28234512,0.24561077,-0.23294793,0.31913227,0.5675714,0.8937583,0.0,0,0.282552545872213,0.0,0,0.19121137195109195,1.0,1,0.922727247435151,1.0,1,0.7095804073138102,1.0,1,0.7484688266571609
2025-06-17,-2.5459046,-2.5671613,-0.34062493,0.24437189,0.7596151,0.55745494,-0.36168823,0.6679592,-1.526937,-1.4216547,0.32659817,-0.45616227,0.3366869,1.568896,-0.2704894,-0.49975246,-1.1597958,-0.9380056,-0.74067515,-0.27886876,-0.3137565,0.20413461,-0.87553287,-1.2452179,-1.9201783,-2.1847935,-0.7692868,-0.72626895,-0.061743934,1.4299507,-0.50706005,-0.2717468,-0.07557284,-0.09604602,0.08365798,0.20658672,0.8965755,1.3753989,2.203824,3.0971668,1.0,1,0.8542734651173123,1.0,1,0.7161303548320226,1.0,1,0.7884475519235008,1.0,1,0.7030003487506646,1.0,1,0.9580419051796791
2025-06-18,0.73177886,0.67166215,-1.4043286,-1.7118316,-2.656945,-2.9536602,-0.09446217,-0.38614672,0.07138844,0.5167514,-1.1618733,-0.91299593,0.27203214,0.628552,-0.7669396,0.1090039,0.40266973,0.2910675,-0.32551816,0.2239066,0.39746258,0.62943476,-1.7431952,-1.9691035,-0.43846688,-0.68126374,-0.148596,-0.30636692,-1.4248748,-1.3767402,1.8823383,2.3570576,-0.5407734,-0.026159346,1.3899717,1.5494057,-0.6643421,-0.13547456,-0.22997116,-0.09577854,0.0,0,0.16235416808856196,0.0,0,0.20212892922530906,1.0,1,0.8745089736206928,1.0,1,0.8676524112504239,1.0,1,0.7541530310155471
2025-06-19,1.1839019,1.3591785,0.30382684,0.24235256,0.19205435,1.1933156,0.26594344,1.0829033,-1.3661579,-1.6118053,-0.3895535,0.04592216,-0.95644563,-0.8363155,0.19741365,0.08400779,-0.5439981,-0.1739161,-0.04405912,0.046214223,-0.07729256,0.0026301295,-0.036370385,-0.14953719,-0.034747124,-0.08152649,-0.6523781,-1.3283104,-1.0540028,-1.3852888,-0.6643563,-0.70525646,1.0715383,1.5112488,0.3741618,1.1762086,0.58695537,0.766801,1.3799679,0.7868849,1.0,1,0.7000994531035231,1.0,1,0.8478558263249706,0.0,0,0.1101812197206507,0.0,0,0.1568124943242576,1.0,1,0.9707055779774718
2025-06-20,-1.179431,-1.5444359,0.5099524,0.72425306,-1.0750741,-1.3220242,-0.3343326,-0.88442165,0.48423985,0.330478,1.6143453,1.6070473,-0.78216493,-0.57684904,-0.094796255,-0.5573545,1.1562368,1.0855374,-1.4898081,-1.1724278,0.3621129,0.70719826,-0.30827814,0.25956047,-0.881695,-0.6183642,0.14663082,0.20273092,0.5949259,1.6658866,-0.9120998,-0.93604165,0.37998977,1.2032639,0.17336999,-0.08676775,-1.2418133,-0.6623104,1.5534129,0.8278612,0.0,0,0.25418739506279825,0.0,0,0.12234779236757677,1.0,1,0.9546349675258756,0.0,0,0.17433978327506156,1.0,1,0.8316971729848801
2025-06-23,1.0899026,1.4660772,-0.85992676,-1.1848147,-0.5866309,-0.7445862,0.7707802,0.64113134,-0.49544904,-0.7987486,-1.8397186,-3.2199533,1.0488821,2.0288842,0.008781423,-0.18342403,1.9070262,1.2160081,0.35746711,0.96307445,0.19099249,1.0240333,2.8745005,2.8413098,-0.17186734,-0.2762619,-0.9518158,-1.5657499,0.22919798,0.4271527,1.135755,0.63148826,-1.1651201,-0.20563143,-0.9082651,-0.9890647,0.4497771,0.71649075,-3.1973455,-3.6348538,1.0,1,0.7454472681943011,0.0,0,0.1470573912939808,0.0,0,0.0012852661269505017,0.0,0,0.14191913837208267,1.0,1,0.9378354857415684
2025-06-24,-1.0926787,-1.3874552,0.79548407,0.9878193,-0.5867399,-1.1259551,-1.6264831,-1.2028513,1.9255667,1.5233048,-1.4105352,-1.2565199,-0.52336556,-0.981882,-0.3727315,0.080560625,0.0831444,-0.6403873,-0.3695052,-0.40500212,-0.08096508,-0.13834453,0.05749458,-0.8954539,-0.086676426,-0.48366868,0.09327384,0.15554759,-2.3789258,-2.9264386,0.4410647,0.29839182,-1.4044567,-2.7645974,-2.1666455,-2.1364176,1.3813479,0.90409803,-1.2855153,-1.8752766,1.0,1,0.8024592265221404,1.0,1,0.9898237859590624,1.0,1,0.7058767316291362,0.0,0,0.27462888765777227,0.0,0,0.10028961479410363
2025-06-25,0.1798691,-0.2203763,-0.7725615,-0.97562385,-0.6784662,-0.95836425,0.48365477,0.638126,-1.0482249,-0.6048486,0.3726743,0.59337294,0.38069248,0.2594538,1.1644479,1.7730083,-0.33621323,-0.81300974,1.0465822,0.83099645,1.7206947,0.22513545,1.5866823,1.574491,0.586077,0.32671943,0.44916606,1.0154636,2.8494549,2.609437,2.232176,1.925591,-0.7666173,0.38057756,0.923609,1.1326296,0.6019592,0.20759118,0.07226746,-0.715682,1.0,1,0.9757601194264158,0.0,0,0.16037142435413473,0.0,0,0.24651848335853754,0.0,0,0.264636993280742,0.0,0,0.060257076185477695
2025-06-26,0.1533123,-0.518329,0.4877851,1.0478086,0.9373585,0.9431936,0.21876986,0.476583,0.3397937,0.50360674,1.3921403,1.0566735,0.31772023,0.022874027,0.5450225,0.93419814,0.9902301,0.8487689,1.6332624,1.4534359,1.2270409,1.0843651,0.37721494,0.41003507,0.20781545,0.87549525,-1.2236036,-1.0398701,0.29206255,0.74457574,-1.0371698,-1.565016,-1.0240394,-1.5147493,0.65050894,1.2737452,-0.10057718,0.12693283,0.47220948,0.62307394,1.0,1,0.7435528900854231,1.0,1,0.9189042130752572,0.0,0,0.12085333729562406,0.0,0,0.006258913673118127,1.0,1,0.752027866026689
2025-06-27,-0.62696314,-0.7266615,1.2012041,1.9856238,0.14377218,0.32783747,1.1877283,0.9929805,0.6734405,0.47568735,0.16524903,0.025811076,-0.4785274,-0.035134614,0.031507578,0.35242495,0.8280105,1.1060299,0.6976577,1.6519685,-1.1955847,-0.96252394,1.0256821,1.071297,-0.21390794,0.13760574,0.81526375,1.1197047,-0.69748825,-1.5254083,0.6378553,0.12959206,-0.7965919,-0.4099747,0.12935683,0.566707,-0.2980298,-0.41968435,-0.28557256,-0.503699,0.0,0,0.16356490290827833,1.0,1,0.7945424672473718,1.0,1,0.9033585745311963,0.0,0,0.019853787600335515,1.0,1,0.757327624150034
2025-06-30,-0.56658727,-1.220036,-0.1535791,-0.07770612,-1.7406347,-1.5747819,0.87659967,1.2128257,0.9616866,0.7665634,-0.44277388,-0.7259182,-1.3797547,-0.883925,-0.64670926,-0.7025541,0.9476143,1.004904,0.62552077,-0.1869238,-0.30035356,-0.5378247,0.8972748,1.5548127,-1.0414808,-0.37245983,-0.6126363,-0.7382385,0.47460726,0.7115706,-0.09591333,-0.06115772,-0.5892257,0.45124465,-2.5121276,-3.7887626,0.6712163,0.6334255,0.32372183,-1.3123746,0.0,0,0.1381487965298374,0.0,0,0.1580354502073814,0.0,0,0.2548895440811753,1.0,1,0.8321128650368276,0.0,0,0.038138599649595796
2025-07-01,-1.7429223,-1.3687011,0.6003257,1.3865538,-0.014363759,-0.068034805,0.2788348,0.3554091,0.94519323,1.2014358,-0.7398868,-0.13975108,0.7135642,-0.35220057,0.68385416,0.51106274,0.76151574,0.9193726,1.6359558,1.4442998,0.65873486,0.3288319,-0.5615577,-1.0111253,1.7983844,1.6538104,-1.1073126,-0.9883854,-0.46272358,0.11871013,-0.96446973,-0.91405207,-0.1027608,-0.5567417,1.0822192,1.1467726,1.297786,1.8286862,0.46351743,0.19288117,1.0,1,0.7235771841861474,1.0,1,0.7715506031561352,0.0,0,0.1973221437191893,0.0,0,0.049947295744806754,1.0,1,0.9839174766071033
2025-07-02,-0.6093911,-0.6518843,-0.5536206,-0.1663585,-0.60319614,-0.911059,0.9528407,0.8782572,-0.9065393,-0.89360654,0.8645263,1.119443,-0.03259407,-1.0079836,0.17205107,0.2943826,1.5117184,1.3033911,-0.47533402,-0.5193841,1.6617286,2.1610901,-1.4094527,-1.1351054,-0.8247637,0.2982363,-1.5783914,-1.3224864,-0.7467819,-1.7238479,0.5828821,0.27896786,0.7377291,0.92729867,0.3067753,0.3557116,0.26709196,0.89669895,-1.173327,-2.0970464,1.0,1,0.7716132628498573,0.0,0,0.26196430607541377,1.0,1,0.9747645012698121,1.0,1,0.8155446871576166,1.0,1,0.9948961129563926
2025-07-03,-1.3268318,-1.1129336,0.30389002,0.36851054,1.3478069,1.4551584,-0.36413476,-0.45960164,-1.2685596,-1.3983006,-1.5332805,-2.2508101,-0.6806517,0.22175974,1.5795438,1.0941548,-0.20773953,0.2910663,-1.0379434,-1.1446235,-0.60947084,-0.6922134,-0.48354498,0.45250526,0.2656134,0.16793492,-0.6600165,-0.086568,-0.88993955,-0.94768876,-0.18801698,0.10540187,0.46867034,0.27241826,0.71704376,0.20770645,0.55053204,0.19152415,-0.45749694,-0.055884063,1.0,1,0.9160086582269009,0.0,0,0.24822615326875136,0.0,0,0.00548088206049957,1.0,1,0.8910669440404597,0.0,0,0.020929538307427952
2025-07-04,-1.6950771,-1.4649569,-0.79851615,-0.62519646,0.2840814,0.18526348,-1.3336353,-1.2202448,0.25261924,0.70003974,-0.58997595,-0.49530274,-0.58216393,-0.47772476,1.119507,0.42060244,0.21873263,-0.09029657,1.3702562,1.0287832,-0.939253,-1.3778687,1.1307412,1.2559483,0.9090804,1.8145158,-2.9950027,-2.3209047,-0.08827071,0.18357287,1.5422244,1.0525641,0.7780574,1.080919,-0.44132116,0.37797847,-0.2327904,-0.7744832,-1.3030487,-1.700105,0.0,0,0.1369362532151547,0.0,0,0.21465155151469806,0.0,0,0.00307407597522753,1.0,1,0.8478134610356721,1.0,1,0.8595752235786684
2025-07-07,0.2062925,-1.1039612,-1.7931721,-2.5638125,-1.0153067,-0.04260671,1.1191643,2.0948148,-0.020565044,0.38227886,-0.36342606,-0.15742059,-0.10591112,-0.37965018,2.741894,3.1671753,1.035188,0.9448117,-0.7756414,0.22188652,1.6667497,2.1624458,-0.08879494,0.43629873,0.73971695,0.8292356,-0.58663046,-0.89453244,-0.93785596,-0.33108723,0.80191267,0.6070315,-0.76888674,-1.4262124,-0.7813181,-0.15647775,0.8978343,1.3159611,-1.1620691,-1.1562953,0.0,0,0.0020479605948595103,0.0,0,0.03687792469815676,1.0,1,0.9750754225314913,0.0,0,0.24616633873663687,1.0,1,0.8384206923407582
2025-07-08,-1.419252,-1.1718371,0.5450544,1.8374629,-1.9598817,-3.131212,-0.7517257,-0.78691614,-0.36564612,-0.1403639,-1.345307,-1.4813548,-1.1173905,-1.5270948,0.66587293,1.4318297,0.29245308,1.4509759,-0.9457115,-0.44221252,0.5294856,1.1913722,1.5192784,1.1763287,-1.2824178,-1.4083825,0.061255794,0.25065246,1.9766513,2.4059463,0.61115986,0.48516566,0.8133851,1.4983969,-0.20015267,-0.006347388,-0.79796374,-0.33832523,1.1433717,1.9490848,0.0,0,0.24230775776852312,1.0,1,0.8201265618444238,1.0,1,0.7042142213120344,0.0,0,0.027975412511614117,1.0,1,0.7616357863091523
2025-07-09,0.65372497,0.9725594,-0.051523186,-0.4878456,-0.46533573,-1.0737638,-1.7477252,-2.0460525,0.15590623,0.11495052,-0.69171274,-0.71472454,-0.13185427,-0.34360537,0.6709754,0.8186764,0.82000273,0.87368315,0.719001,1.002631,2.2550642,2.036568,1.1651186,1.7346103,-0.7460782,-1.8874097,-0.8183019,-0.645733,2.3281507,2.3718612,-0.66332614,-0.36295447,-0.044135343,0.8499164,1.7448591,2.2070317,1.7153158,1.8255266,-0.05463203,-0.26088798,1.0,1,0.7913512580026116,1.0,1,0.8283460448456805,1.0,1,0.7584446719702714,1.0,1,0.8645623636415943,0.0,0,0.18636193238449877
2025-07-10,0.24194308,0.5796533,-1.6351093,-1.7430335,-0.9083487,-1.1223274,-0.36525914,0.22047624,-0.0056601693,0.13536173,-0.32332048,-0.114299834,0.15229398,0.16553745,2.1927016,1.7771866,0.46434087,-0.5534596,0.30870718,0.5611702,0.0018263559,0.3445377,-0.1719076,-0.057471924,1.2329446,0.6972889,-0.9912614,-1.2248757,-0.12557952,-0.15451361,-1.0957773,-1.8158004,0.087129705,0.014435738,0.119050324,0.2199505,0.92050654,0.9146111,1.1976616,0.6071511,1.0,1,0.8460766405419808,0.0,0,0.22534979948311734,0.0,0,0.22854299181573942,1.0,1,0.8642752201026139,0.0,0,0.1854163782693001
2025-07-11,0.66306436,0.49901694,1.6222593,1.2738193,1.5885032,0.95801467,0.3153587,-0.35966104,0.37334687,0.33368903,-1.9362817,-2.3110251,0.3202432,1.3357377,-0.005091554,0.05332456,-1.6884952,-1.5464844,-0.43138602,-0.45357513,0.957424,0.6303799,-1.2387743,-0.8371023,1.2929511,1.5554109,0.4747993,0.77766454,-0.22838809,-0.01845567,-0.1423273,-1.0383914,0.8299271,1.1156989,-1.4313943,-1.5437505,2.040762,2.0536509,-0.8134195,-0.32501945,0.0,0,0.16844628023484873,1.0,1,0.9475544783379608,0.0,0,0.15947269586904353,0.0,0,0.2500255758884332,0.0,0,0.201318742867887
2025-07-14,-0.7652832,-0.9073031,1.2207682,0.5902387,0.79005235,1.0224667,1.3253917,2.3599448,1.045981,0.40818304,0.37639594,0.54402053,-1.2763841,-1.4585083,-0.47283992,0.1456342,0.19843936,0.20078404,-0.01718257,-0.6660938,-2.0527828,-3.0684838,1.0444053,1.7678865,1.7311425,1.72057,1.4640952,1.0903437,-1.0178596,-1.1093167,0.4359668,0.4351209,-2.126498,-2.5295663,1.6900182,1.5783092,-1.9398769,-1.5778167,0.41050875,-0.21696305,1.0,1,0.7523884000836993,0.0,0,0.05637076843884311,1.0,1,0.8140464581340728,1.0,1,0.731016185500785,1.0,1,0.816048244440742
2025-07-15,1.1625797,1.7030704,1.2913218,0.9749666,0.3439705,0.46781248,-1.42565,-0.68448615,-0.10117579,-0.61047304,-0.26831847,-0.28429243,0.36835915,0.5899566,0.987746,1.4506817,0.6620409,0.25591037,2.1216166,2.845851,0.66105086,-0.3085475,-0.38881752,-0.27169997,1.6299796,1.0921667,-0.31452808,-0.3970543,0.2818635,0.6771995,0.18077792,0.050051615,-2.2932312,-1.7843814,0.27681994,0.37514177,0.28943995,0.6117399,-0.20970505,0.050481707,0.0,0,0.09254172099528114,1.0,1,0.9315889645767579,1.0,1,0.8690125541344639,1.0,1,0.8102341905117798,1.0,1,0.7151580075055005
2025-07-16,-0.14128697,-1.2023877,-1.2844034,-0.47062415,0.08246331,-0.6803714,1.5029255,1.6133136,-0.17726956,-0.013882846,-0.5221258,-1.3525641,-0.6077289,-0.73273885,2.017088,1.7312434,-1.3552434,-1.7914605,0.8449498,0.9982779,0.1114118,0.22651541,1.9208964,1.9618205,1.3112655,1.4160314,-0.08831803,-0.7672027,-1.5414686,-1.3342603,1.4296398,0.83705145,1.4580437,1.2468328,-1.104902,-1.3812858,0.7452335,0.050202012,-0.8007665,-0.51370174,0.0,0,0.014857207458012311,0.0,0,0.11849476832836836,0.0,0,0.05116215359609661,1.0,1,0.9880088746649814,1.0,1,0.9021740011920563
2025-07-17,-0.7761903,0.0148435235,-1.6093134,-1.7709092,0.93290526,1.2801964,0.27112842,-0.11907256,0.49449974,0.77122355,1.452475,2.2784994,0.66862464,1.0470419,0.5845628,0.053164065,0.7492739,0.80106866,-1.0645719,-1.2447783,-0.034465134,-0.17134775,-1.2062615,-0.25429517,-0.89991313,-1.1783205,-0.0918165,-0.47843635,1.0618876,1.4022576,2.058214,1.6309576,-1.0851932,-1.6308877,0.17333041,-0.8615198,-0.07091044,-0.7287143,0.5272356,0.20514745,1.0,1,0.8700859261888918,0.0,0,0.28836341512382285,0.0,0,0.07088710750548384,0.0,0,0.13050589232753126,0.0,0,0.16749379834727765
2025-07-18,0.58240986,0.24517658,0.36242115,0.5898508,-0.96717656,-0.8782135,0.39467543,1.1382408,0.8923267,1.1561081,-0.51339084,-0.6618409,1.9781649,2.0324488,-0.23491319,0.87570244,-0.6338602,-0.5302882,0.29637903,0.706843,-0.2575895,0.45314297,-1.3671728,-1.6237764,-0.026156787,0.38198924,1.5957024,1.8351241,2.0025322,1.8455262,-0.56704146,0.17595422,0.9052746,0.47929907,0.13252945,0.00093506277,0.28388664,0.12663086,1.2673712,0.60589164,1.0,1,0.7957815520164746,0.0,0,0.08235787608319482,1.0,1,0.7999559410700391,0.0,0,0.1509956378754198,1.0,1,0.8444532127170733
2025-07-21,0.8520715,1.3990933,0.15432042,0.046477124,-0.92874426,-1.5471218,-1.1239809,-1.4359456,-0.06401811,-0.45003298,0.32361332,1.0256234,0.5031719,0.8213006,0.78196937,1.3893744,0.9795851,1.084779,-2.4030766,-2.1744673,0.90344036,0.44568706,-1.0474478,-0.70408803,1.1140686,0.9342233,0.33664432,0.58398104,0.6305598,0.56423676,-0.54092574,-1.0748699,0.28265134,1.0506465,-1.8672125,-2.0592284,1.0952467,2.1745396,-0.33083874,-0.24507892,0.0,0,0.1400593826664221,0.0,0,0.041248464622973637,1.0,1,0.9053484213790144,1.0,1,0.8980445022259887,0.0,0,0.22307138486366798
2025-07-22,-2.5890803,-2.5318048,1.0614835,1.3695192,1.6767737,2.0338235,-0.8761295,-0.5256212,1.2127099,1.2449294,-0.74975544,-0.47446558,-2.2665207,-2.6233194,-0.35789248,-0.9472375,0.32613644,1.2222267,0.13355114,0.43212396,0.10359795,0.15469247,0.29642287,-0.44217435,0.21655567,0.8742668,-0.2160383,-0.2046245,-0.60138136,-1.2481112,-0.26580083,-0.42661273,-0.35167256,0.046613157,-0.30292264,-0.17230947,-1.1029534,-0.50557894,-0.5425944,-2.2283866,1.0,1,0.8753092512854873,1.0,1,0.9837088656374364,0.0,0,0.25537187203654427,0.0,0,0.09599854031888128,1.0,1,0.8145634813414457
2025-07-23,0.08222619,0.65463805,0.30941892,0.04433489,-0.06402895,0.12792094,-0.18365991,-0.33951876,0.5344499,0.82148886,0.8144687,1.1865531,0.6800799,1.2345284,-1.749909,-1.6451994,-0.4554051,-0.07358849,0.70565456,0.96139,0.5153973,0.19815701,0.6798106,0.6675532,0.3143515,0.9088648,-0.8535368,-1.8857374,1.2225646,1.9772356,-1.3595889,-1.4221138,0.98575777,1.4894936,-0.016375132,-0.10301498,-1.4726542,-2.1887403,-0.3961588,-1.1730144,1.0,1,0.8164075178413377,1.0,1,0.7742830031209623,0.0,0,0.19662425041826362,1.0,1,0.8977927147293756,0.0,0,0.15132021904744222
2025-07-24,1.2037518,0.88170373,-0.5884017,-1.2927516,-1.2106024,-0.80560213,-0.2887903,-1.0443962,-0.81807494,-1.7426208,-1.2506,-0.8180951,0.43753776,0.3190573,0.7981723,0.28874892,-0.5517314,-0.90827763,0.52362293,0.4140769,-0.38702703,-0.44344008,-0.09971413,-0.31697708,0.12340241,-1.1797658,1.4932835,1.0306969,0.5075589,-0.20718771,-0.9991131,-1.1305156,0.51582927,0.6746907,-0.22118828,-0.27260116,-0.46636042,-0.6201911,-0.8397614,-0.9576054,0.0,0,0.274233630502118,1.0,1,0.7792906895324809,0.0,0,0.0956540266509052,1.0,1,0.7254636589015788,0.0,0,0.21560874116990222
2025-07-25,-0.026260262,-1.0123825,-0.060132436,0.30750072,-0.40218237,-0.05997899,-1.3911474,-1.0738099,-1.7071723,-1.6101308,0.1279845,-0.33771196,0.17820476,-0.0109001845,2.1831286,2.03039,-0.17866302,-0.6290208,1.021424,1.765064,1.1952038,1.3851926,-0.061066754,0.74608785,0.076801,0.56024706,-0.42984372,-0.30280173,1.7751592,1.6287763,-1.5084321,-1.4536947,-0.03964615,-0.2878577,1.384123,0.91716987,-0.10768006,-0.59660566,-0.5709375,-0.41787046,0.0,0,0.015376294222816589,1.0,1,0.7637021154526111,1.0,1,0.7904942806414894,1.0,1,0.8183360201415397,0.0,0,0.20738044364498268
2025-07-28,0.23288263,-0.39989293,0.526988,0.43760407,0.5674431,-0.14534682,0.2816433,0.8919431,0.75009114,0.6874735,0.94570106,0.8353595,-1.1068829,-0.9807571,-0.37889183,-0.58384085,0.8696913,0.19061124,0.48862,0.25366768,0.23460011,0.9683964,0.6724789,0.8221436,0.95215374,1.5185661,-0.85804707,0.39566952,-1.2269444,-1.0980047,-1.1536815,-1.2423522,1.8586742,2.5004091,-1.0544326,-1.0170727,-0.23458712,-0.75074357,-0.1854783,-0.8488492,1.0,1,0.9351895512287524,1.0,1,0.8837102460543286,1.0,1,0.7563182468904768,0.0,0,0.2563371825773916,0.0,0,0.15776244199721826
2025-07-29,1.0310602,0.6814052,-1.7383211,-1.608189,-0.03926821,-0.20976192,1.2143884,1.0225312,1.1148998,0.52884567,0.40931198,0.16732816,-0.2609391,-0.22453596,1.7576834,0.84386224,-1.6719471,-2.0908628,0.9809853,2.0608034,0.5081779,1.0593232,0.5910367,1.237689,0.26580882,-0.7614641,0.20518015,0.13942985,0.930788,1.1708386,-1.1530448,-1.1800209,-1.246552,-0.81355655,0.16245323,0.360564,0.052150793,0.3409255,0.16366017,0.68000966,0.0,0,0.23436820627437516,1.0,1,0.830342418992217,1.0,1,0.7793413102855385,0.0,0,0.20467893925635228,1.0,1,0.7890095220279254
2025-07-30,1.590433,0.7238571,-0.57930934,-0.40691227,0.75131875,0.16624641,0.3844477,0.6039007,2.3665624,3.0231786,-1.4021866,-1.4421943,-0.5460071,-1.3428473,-0.45679003,-1.1421088,1.3206029,1.2974123,-0.8199186,-1.1347936,1.657943,2.4602895,1.5981083,1.4520286,0.8656126,1.7879612,0.43737605,0.43176877,-1.5561782,-2.1103292,0.1821495,1.2973046,-1.4306717,-1.5789802,-0.3626264,0.38564673,0.20310073,0.9436341,-0.3088714,-0.38292575,0.0,0,0.16037555089230707,0.0,0,0.22766303348005765,1.0,1,0.8687405673249143,0.0,0,0.048590312272921134,0.0,0,0.10618289789105814
2025-07-31,0.9508056,1.2991737,-0.12917614,0.36463007,-1.5485822,-0.8534573,-1.0600573,-1.190754,-1.2739084,-1.8120146,-0.3164304,0.2674824,1.2475848,1.5450659,0.50574607,-0.42412972,0.33950946,0.87530875,-1.2853814,-1.9726784,2.3691638,2.1929169,-0.028263163,-0.32177654,2.4169126,2.2791104,-0.86742145,-0.881735,-0.5678465,-1.0325638,2.5996616,3.1152284,-1.074994,-0.79331493,0.41870582,0.74178195,-0.33820528,0.3013662,-0.81341237,-0.18003613,0.0,0,0.07899724196214912,1.0,1,0.9732701632882574,1.0,1,0.9899885088734917,1.0,1,0.8139272241734468,1.0,1,0.9512023524385538
2025-08-01,2.1610796,2.265975,-1.0041311,-0.9038868,0.897435,0.61699575,1.1043125,1.3115073,-1.0118015,-1.1574876,-1.8972253,-2.7639499,-1.7806399,-1.5518136,-0.7995835,-1.3117319,0.22266467,0.9667896,0.33544213,1.2646537,-0.18904658,0.1915965,-0.10530659,-0.62205374,0.97404736,1.0221725,0.76815295,0.2622946,0.37875423,0.005074829,-0.61696714,-1.0650909,0.77757275,0.7184384,0.18120968,0.2336775,-0.74783516,-0.78400904,-0.5768959,-0.42104378,0.0,0,0.2988905220318802,0.0,0,0.060096414242395896,0.0,0,0.024253542667969474,1.0,1,0.8822715601876363,0.0,0,0.24516316791109483
2025-08-04,1.2286477,0.7206926,1.845382,2.4093385,-0.52972674,-0.0009666085,-2.0780683,-2.384324,0.58746374,0.80253494,-0.90326285,-1.2251397,0.73249817,0.31597814,-0.37595728,-0.40276313,2.2295985,2.702811,0.1122445,-0.008691028,0.9028507,1.0442715,-1.2150537,-1.069563,-2.8192914,-3.4868047,0.13533112,-1.2871408,0.2619631,-0.45273998,0.72029966,0.4164479,-0.55381143,-0.95718277,-1.2918385,-1.7684586,-1.6004953,-2.508169,0.55314094,0.66397256,0.0,0,0.14930539481191477,1.0,1,0.9666489467445489,1.0,1,0.7790373839666291,0.0,0,0.18219086695210132,1.0,1,0.9126886068790764
2025-08-05,0.7102909,1.2325798,-0.87575835,-0.19346094,-0.5280346,-0.24733606,-0.7281854,-1.1104178,-1.8952075,-1.6337044,0.1991156,-0.7267487,0.8460161,1.2868407,-0.2233497,0.21291552,-1.4224724,-1.8554158,-0.19832188,-0.053846464,1.3644227,1.51978,2.1299062,2.1995509,0.26909715,1.1701035,-0.788941,-0.71770567,-1.9855754,-2.5882907,-1.5459361,-2.140096,-0.08888755,0.4724296,0.22576544,-0.5723969,0.25663993,0.3543021,-0.26297745,-1.0429744,1.0,1,0.8124709023509689,0.0,0,0.246324555964762,0.0,0,0.18239406681874928,1.0,1,0.8878718571271169,0.0,0,0.07983999872473886
2025-08-06,-1.5432221,-1.2576714,-1.576456,-1.640765,0.14732437,0.64977723,-0.82456785,-1.5666742,1.3048356,0.5567261,-1.4589127,-1.6075459,1.6870979,1.4059254,-0.66649616,-0.064671695,0.223189,0.16549484,0.22316194,0.24413578,-0.34400755,-0.4979086,-2.0134828,-1.3449115,-0.48239538,-1.5890847,1.5224602,1.4260268,-1.2807933,-1.970243,-1.8421092,-2.6657476,-0.2188735,0.7229201,-0.41238707,0.22717023,-1.2928418,-0.79917216,-0.7525727,-1.1715049,0.0,0,0.19482657306846857,0.0,0,0.06031183059830692,0.0,0,0.09436130049930554,1.0,1,0.9664415405949189,0.0,0,0.06838375808353998
2025-08-07,-0.48107907,-0.23150378,-0.41287446,-0.17294247,0.16277382,0.17976244,0.70666325,1.041306,0.38707492,0.9559431,0.34174874,0.71427757,1.680143,2.324953,1.0953032,1.6464002,-2.9128401,-3.041928,-0.36316183,-0.06281978,-1.5765502,-2.156953,-0.68913645,-1.4924643,0.7710739,1.3112674,-0.20118612,-0.64784515,-0.42838925,-0.2735966,1.3169715,0.96753705,-1.503778,-1.4852518,-0.09381435,0.56572974,0.54875886,1.1750691,0.024134705,-0.044798583,0.0,0,0.28486648938830833,0.0,0,0.23963081953813564,0.0,0,0.12396138653553745,1.0,1,0.7669052436987257,1.0,1,0.7237776324171077
2025-08-08,-1.1632752,-0.9042259,-0.022567563,-0.13739535,0.80751216,1.0602409,0.35724998,-0.13574702,0.31769142,0.7793408,0.30744803,0.51007706,0.1351917,-0.23979394,-1.2412608,-0.6520836,-0.30910218,-0.5001692,0.4308377,-0.22025555,-3.114509,-3.125375,0.75717795,0.8866765,0.33742446,0.7277204,-1.0841798,-1.1544546,-0.7463501,-0.1904388,-0.2038413,0.0043085366,0.41343495,0.052673638,-0.37402666,-0.4635318,1.1670032,1.8962333,0.4131256,-0.4886382,0.0,0,0.22174489638383968,0.0,0,0.2800267880185127,0.0,0,0.17362503725276782,0.0,0,0.07804206315299887,1.0,1,0.7790330130761602
2025-08-11,-0.7865714,-0.15446067,-0.47118193,-0.8082067,0.22757962,0.657896,0.728374,0.49927756,0.6800155,1.1187127,-0.097593755,0.252088,0.14949505,-0.7697702,-0.025101041,-0.904982,0.82198995,0.60745806,-0.9862445,-1.5575087,0.6028427,0.076951504,-1.852403,-1.4543545,0.45103297,0.17487487,0.25621283,-0.08916578,-0.00037415192,-0.26783034,-2.1326094,-2.6898193,1.5667241,1.2873435,0.89841115,0.45185778,0.025448333,0.86445874,0.45870733,1.1333184,0.0,0,0.18381252394216874,1.0,1,0.8124367554456706,0.0,0,0.25886862422119117,1.0,1,0.9120629274079792,0.0,0,0.0895489002252353
2025-08-12,-0.93938214,-0.9014253,0.51227313,1.1119292,1.5600872,1.899126,-1.1780856,-1.2660561,2.6927574,2.6786149,-0.43692896,-0.51140887,0.8274079,1.6756713,-0.8261108,-0.3228202,0.39040563,0.1959234,-1.2739394,-1.773916,-0.658994,-1.1168286,-0.22857729,-0.163772,-0.6558216,-0.3881376,-0.24142997,-0.07427013,0.97595286,0.5403756,-1.2770852,-1.1643121,-1.1957532,-0.7915913,0.047059257,-0.9749405,-0.5641897,-1.0974641,-1.003749,-1.5454226,0.0,0,0.017885763968211486,1.0,1,0.8104743531097115,1.0,1,0.9055192482433703,0.0,0,0.2423604449376253,1.0,1,0.8782092620975069
2025-08-13,0.1320328,-0.12785746,-0.5643669,-0.67346203,0.3361402,-0.047856957,-0.03976007,-0.0364538,-0.20121491,-1.599633,-0.06823996,-0.0105530135,1.0232404,0.5932887,1.3141044,2.1478436,-0.1596043,-0.9661796,-1.0299675,-1.6957932,-1.5112916,-1.9737349,-2.2335782,-1.6344349,-1.1759559,-1.8940575,-0.8523197,-0.7928651,-0.05253555,0.4843061,-1.8805388,-1.7659204,1.4296912,0.72845966,1.0635557,1.0262196,1.2451704,1.1803833,-0.5128902,-0.697016,0.0,0,0.23241851257073104,1.0,1,0.9543647037118994,1.0,1,0.7527855808174363,1.0,1,0.8705511784039089,1.0,1,0.9813551824847961
2025-08-14,0.24400125,-0.15583049,-0.94736433,-0.61925864,1.5498096,1.6542419,-1.2130251,-0.7270508,-0.5136253,-0.07889995,1.4234159,1.0226759,2.4898121,2.1883445,-0.09172648,0.79436815,-0.41423422,-1.5131378,-2.507132,-1.8619637,1.710452,2.5088983,0.30818218,0.3179655,-1.8839408,-1.5894984,0.8713569,2.4052093,0.6138813,0.19628635,-0.35439962,0.21743977,-0.55783635,-0.24989155,0.7301253,0.4811721,0.23394534,0.75852275,0.48683363,0.8726945,0.0,0,0.19977756395872998,0.0,0,0.15380144688043035,0.0,0,0.09839722126907642,0.0,0,0.0710132671684058,0.0,0,0.2107490913904511
2025-08-15,1.2264948,0.9681823,1.19319,1.8331025,0.7605131,0.5346634,0.5852847,0.5792246,-1.2781848,-1.1198035,-1.1154592,-0.20957255,0.8185227,1.5117538,0.6472028,1.135155,0.51818174,0.3963239,0.8403472,1.4049577,-0.55400336,-1.4192424,0.5649234,0.14977166,-0.988881,-0.454543,0.06238014,0.46991614,0.92932594,1.7035753,-0.67686445,0.109193504,1.9529079,1.87874,1.1340795,0.5833461,1.3721071,0.6356851,-0.2111564,0.04861018,0.0,0,0.13724265291358576,0.0,0,0.25781441578586556,1.0,1,0.7813557871363473,1.0,1,0.7353321337947683,0.0,0,0.2474297349611286
2025-08-18,-1.3889494,-1.129015,-0.6985898,0.46148396,0.551667,0.45183915,-0.27900302,0.20169342,0.72136515,1.8796391,0.15045492,0.59352094,-0.58975375,0.59289706,0.9342153,1.576065,1.3517447,1.0165343,-0.7321492,-1.34254,0.51190764,0.6068088,0.15659417,0.6455468,0.28087965,0.12555815,-0.10410746,0.5335318,-1.2526814,-1.0510693,1.4095237,1.3551366,-1.0435919,-1.0892117,-0.87062633,-0.9874493,0.65627056,0.61052835,0.1798748,0.11353913,0.0,0,0.007013886291343896,0.0,0,0.22350328961558405,0.0,0,0.2025501865902812,1.0,1,0.8217183575635181,1.0,1,0.9432850253963689
2025-08-19,-0.796037,-0.533038,-0.65754735,-1.3065846,-0.15869749,-0.4221524,-0.43608218,-0.9640584,0.64652634,-0.25051945,-1.1642191,-1.2096964,0.36332068,-0.9899781,1.5305349,0.80866873,0.2013622,-0.12572524,-0.8882934,-1.7279135,-0.7230385,-0.7506081,0.043664478,0.52351314,-0.6242141,-0.7249257,1.2346022,0.6273998,-1.8403836,-1.374522,1.6389629,1.9263186,-2.0249898,-2.6628292,-0.041008875,0.3404215,-1.0829722,-1.0874861,0.8201832,0.8429406,0.0,0,0.2141556423056037,1.0,1,0.7540879971586752,1.0,1,0.7565650655108925,1.0,1,0.9221307122259151,1.0,1,0.9232648995989152
2025-08-20,-0.77403367,-0.9557046,-1.1330678,-1.4247522,-0.34002498,-0.7666734,-0.41100872,-0.4166712,-1.9350301,-2.2607064,0.45451614,0.21977562,-2.3926256,-2.1495962,1.1763374,1.0241631,-0.33006486,-1.0161599,0.9530068,0.469846,-0.60055816,-0.15311521,-0.7931071,0.012714088,0.6517481,0.6164088,-0.58413976,-0.7809265,-1.5476061,-1.7490156,-0.08707687,0.058642596,-1.3770696,-1.3675929,-0.012907222,1.2089921,1.3789395,1.3064584,0.96266836,0.9012021,1.0,1,0.8682219219616777,0.0,0,0.19474539874176428,1.0,1,0.7892464052708853,1.0,1,0.7835011606277514,1.0,1,0.950147169579332
2025-08-21,0.0018517311,0.28113312,-0.16571873,0.39133072,-0.3167854,-0.5213315,-0.6375454,-1.008081,0.35507387,0.37735438,-0.15788509,-0.058271803,-0.38169914,-0.40805554,0.27004775,1.1985208,-2.0183768,-1.7037821,1.9564801,2.618304,0.63013387,1.2145889,-1.3937633,-2.1539788,0.11504651,-0.21693984,-1.1290852,-1.2190946,-0.5392683,-0.49866483,-0.8951094,-0.7733502,1.0918609,0.65256286,-1.9207335,-1.6734619,-0.3543934,-0.84239453,-1.649063,-1.336544,0.0,0,0.13492399897095644,1.0,1,0.8196959424614185,0.0,0,0.14648212933589375,0.0,0,0.2795658542928592,1.0,1,0.8606360717705761
2025-08-22,-0.020449622,0.66271967,-0.31770802,-0.18106088,-1.4067199,-1.2529058,1.4397345,2.5753164,1.563443,1.6318867,-0.5641825,-0.8957133,0.5219282,0.07161918,-0.14880668,-0.4011966,0.2434407,0.44425392,1.532131,1.2052377,-0.2686406,0.2025455,1.7921674,1.4964308,-0.28819486,-0.8560542,-0.09355394,-0.3799636,1.8893174,2.0899515,0.2752172,0.15464711,-2.0319417,-1.7724147,0.22480288,0.4820341,-1.2818532,-0.28155935,-1.6626029,-0.72276694,0.0,0,0.2504098220850588,0.0,0,0.022361441429123028,0.0,0,0.09143920546180735,0.0,0,0.02088672654534559,1.0,1,0.8793814878849832
2025-08-25,-0.94264287,-0.7362729,0.32608038,0.8048166,-1.1133677,-0.9913565,-1.4012585,-1.723532,-0.37976155,0.09083304,0.40461063,-0.35475725,-0.6963783,0.86947495,-1.3064364,-1.5596615,-2.1726925,-2.4370904,-0.7762025,-0.89054286,0.84430844,0.6065308,1.0020902,-0.055466294,0.78981143,1.5923438,-0.17529124,-0.61931336,0.12935138,-0.41729528,1.2677034,0.9233885,-0.86867744,-0.67046624,0.36407557,0.9885349,-1.8708963,-1.7292702,0.68229765,1.6037794,0.0,0,0.12250828330716002,1.0,1,0.7922185479399928,0.0,0,0.137466766710152,0.0,0,0.058543312512680364,1.0,1,0.964624843854751
2025-08-26,-0.45104304,0.18815622,-1.1556314,-1.1964508,0.77283394,0.27107263,-1.1112349,-0.6341088,-0.8672817,-0.8203138,1.5368184,1.7257534,-1.046025,-0.7330755,-0.656005,-0.5466004,-0.6832545,-0.83793366,0.78480095,0.3246566,-1.8359118,-1.1036599,1.2503957,1.5602314,-0.24335386,0.09085424,-0.31686637,-0.63040745,-0.8966814,-0.5518547,-0.14545132,-0.6181509,1.4703935,1.1081821,0.21285239,0.9771836,-0.9325402,0.07414496,-0.34735516,0.08209148,0.0,0,0.1840528876364457,1.0,1,0.9137042841330365,0.0,0,0.23668990929132253,1.0,1,0.9326399050543929,0.0,0,0.1659768941300993
2025-08-27,0.5344531,-0.40447468,0.08532507,0.3766906,-0.2573106,-0.77999127,0.6045729,0.95785046,0.3610867,1.0861101,-1.077716,-1.1335216,-1.9149164,-2.8031585,0.5004882,0.35439706,1.8574442,1.3204308,-0.8207314,-0.86489236,-0.14101171,-0.36733747,1.3540814,2.1089046,1.7396339,0.599296,0.06523589,-0.27547413,1.2497252,1.0397764,0.75063396,0.40074208,-0.55581576,-0.6193946,-2.0188117,-1.8296921,-0.9094276,0.0140916705,0.36922932,0.35912752,1.0,1,0.9612565732904288,0.0,0,0.2742355932524032,1.0,1,0.8345035145162203,1.0,1,0.9027597969246901,1.0,1,0.7434739830486427
2025-08-28,0.41925484,-0.54156196,-0.50224453,-0.58290297,-0.85769993,-1.0701009,-1.6003052,-1.1245837,-1.6803337,-1.8087103,-0.12212012,0.50693685,-1.574734,-2.2890842,-0.01510599,-1.1660484,-0.79798084,-0.5238922,-0.42616454,0.17912814,2.1253676,1.8038977,0.04826253,0.3002276,-0.34355292,-0.47517908,-0.17333584,0.85203165,-1.4736573,-0.9736415,1.3391492,1.4850575,0.8478164,0.9406505,-0.5319951,0.2666872,0.22928818,0.32107973,-0.67157775,-0.5606213,1.0,1,0.7642491572609079,1.0,1,0.7394634173811734,1.0,1,0.8472310795300899,1.0,1,0.8396329713007806,0.0,0,0.1751433931647139
2025-08-29,0.39628124,0.45111978,-1.3429728,-1.0919516,0.26747072,1.4722944,1.5012698,1.3671199,0.44628128,0.83834785,-0.5900894,-1.0534286,0.94977,1.1144879,1.950543,1.1180444,0.730934,1.5181239,0.09723401,0.59102213,-0.8022183,-0.7504749,0.43563902,-0.17035782,1.9222667,3.0168056,-2.0168803,-1.0802531,0.97728944,0.42287755,0.14779188,-0.20053692,1.5133567,1.1861029,-0.12793502,-0.41597924,-2.1637225,-2.3454792,1.9914374,2.1097207,0.0,0,0.109171005137947,1.0,1,0.8215976586882524,0.0,0,0.10743484029214964,1.0,1,0.7688583424059493,1.0,1,0.7862648806202002
2025-09-01,-1.1593829,-1.7588251,0.8003202,1.2949243,-0.12757029,-0.16809924,-0.039586294,-0.054141603,0.13762386,0.83984125,-0.5458661,0.06687522,0.18658386,0.22589353,0.30767503,0.10286094,0.8016006,1.0102962,0.12502152,-0.018367782,0.31869215,0.86285496,1.3281845,0.68401146,-0.9020218,-1.1297922,0.07014389,-0.14996031,0.47831252,0.3562199,1.0354364,1.0537852,-0.063582145,-0.2838198,0.09934889,-0.537308,-0.34494692,-0.35381204,1.2402561,1.6965444,0.0,0,0.004554086680492608,0.0,0,0.06329062247770836,0.0,0,0.17730506253777195,1.0,1,0.9031501262798515,1.0,1,0.7024100984436318
2025-09-02,-0.32117206,-1.419106,0.6852926,0.7498429,-0.1018751,-0.011094347,0.030844714,0.53145206,-1.2230582,-1.5115504,0.05671208,0.0647416,-0.029646086,0.27680242,-1.4836005,-1.699114,-0.74044037,-0.88017654,-0.4538523,-0.6114181,-1.5287046,-2.1966054,-1.2171638,-0.92525405,1.4695634,1.6781241,-1.0299824,-0.99381465,-0.856678,-1.291563,-1.3957611,-1.2127593,1.227382,1.3325022,0.9182082,0.6443746,0.31821662,-0.40977663,0.084240705,0.30994427,0.0,0,0.27611345052258146,1.0,1,0.7503829529996566,1.0,1,0.8983611146633587,0.0,0,0.08768751433764302,0.0,0,0.25138452179012877
2025-09-03,-0.49187374,-0.49298888,-0.28440917,0.06824091,-0.67415476,-1.2699976,0.65826744,-0.59601134,0.6921944,0.8601946,0.9126284,0.8126539,2.0488951,1.4411776,0.70716864,0.44516033,0.6345284,0.43354625,1.003698,0.5986806,-1.5420098,-1.2050494,0.0047324644,-0.86297923,-1.5125029,-2.4875376,1.5772521,0.4580269,-0.49300963,-0.32229507,1.7731208,0.18085837,1.0615231,1.1624026,-0.5522362,-0.39183033,-1.6597664,-1.7257462,-1.1240174,-1.0801083,1.0,1,0.7878799469870894,1.0,1,0.7237286643215064,0.0,0,0.1576492585090977,0.0,0,0.09242061187475108,0.0,0,0.01885033181772475
2025-09-04,1.0387212,1.4291027,-0.3213026,-0.5739964,-1.4812851,-1.4853206,-0.22471172,0.7320565,1.692706,1.5129466,1.6092368,1.4677926,-0.47308615,-0.09951854,0.3081152,0.4574548,0.61274576,0.5907859,-1.4791652,-1.3757001,-0.5329225,-0.85479367,-0.4054134,-0.37921354,0.4040522,0.9048399,-0.51030135,-0.3950269,-1.397387,-1.9781938,0.3242068,-0.14941132,-0.64200735,-1.421742,-1.2278962,-1.0929773,-1.2253968,-0.70062757,-0.22297832,-0.5350827,0.0,0,0.23852495849337546,1.0,1,0.9261541050667772,1.0,1,0.8072360471428437,0.0,0,0.055202060239367225,0.0,0,0.1310661955590371
2025-09-05,1.4510571,2.1844962,-0.17454597,-0.43076426,1.0731251,0.27975762,-2.2461317,-2.5619164,-0.8386611,-0.6995568,-1.2579899,-1.2100415,-0.27455518,-0.29268003,0.7701948,0.054908216,-0.5464668,-0.3391564,-1.2444917,-1.5382129,0.9477394,0.27290386,-0.7621325,-0.65718305,0.2725581,0.3528303,-0.6649973,-0.22075775,0.5171265,0.35253203,-0.38354716,0.8306477,0.79515785,1.3274717,0.6210044,1.0208677,2.2212694,1.4436785,-0.0801744,-1.160502,0.0,0,0.23086548044737387,1.0,1,0.7320874157423167,1.0,1,0.8058599521723965,1.0,1,0.9463149243347769,0.0,0,0.20391416641796725
2025-09-08,-0.9753313,-0.9783019,-1.1611173,-0.7387012,-0.5973171,0.027278185,0.3753143,-0.10015565,-0.713825,0.15189546,1.5189675,0.87560433,0.20031817,-0.17907007,-0.97701895,-1.3505684,-0.46295324,-0.11380729,-0.63838047,-0.8435687,0.17826726,0.7955795,-1.0253736,-1.3920312,1.2819643,2.0688686,-0.35630935,-0.295678,-0.23727968,-0.5213579,0.92314994,0.903986,-0.748472,-0.35052672,-0.0013711975,-0.2893384,1.7922138,1.3881971,0.4111432,0.89919335,1.0,1,0.7251685167110826,1.0,1,0.9634738806692024,1.0,1,0.9405516365309966,1.0,1,0.7293066534814125,0.0,0,0.08594640604286916
2025-09-09,0.29382294,0.9067457,-0.47639534,0.1945593,-0.99424005,-1.6307628,1.7488091,1.9322269,-0.16010794,0.15677479,1.8979913,1.1186395,-0.68389475,-0.45721295,1.2549528,1.5763923,-0.20531677,0.73185694,0.41678175,-0.14078239,1.2167087,1.1832048,0.4415346,1.7344929,0.802577,0.36284396,-1.5629296,-1.8229281,-0.46070153,-0.7078491,2.044689,1.2956653,-0.2291364,0.20141754,0.31862962,1.533381,-0.16308977,0.16009192,-0.62157804,-0.1597322,1.0,1,0.8219549546817178,0.0,0,0.24419364763777845,0.0,0,0.16248618664558104,1.0,1,0.8282845869235134,0.0,0,0.16223439459626246
2025-09-10,-1.4940588,-2.1884515,-1.1417418,-1.2687185,1.6825702,1.2888095,-0.07906064,-0.6920922,-1.1888087,-2.0216155,-0.90406543,-0.57225895,0.87342864,0.35501385,-0.94714993,-0.60881996,-0.62535185,-0.34315807,-1.1166337,-0.95741904,-1.2591302,-1.8038588,1.6490612,2.3633733,-0.14088956,0.25219056,-0.32150692,0.48815322,-0.6014496,0.06614888,0.7124529,0.92955595,0.06147133,0.78176165,0.29234156,0.44922042,0.13686585,0.0021679103,-0.35732168,-0.6909497,1.0,1,0.7878774695395641,1.0,1,0.710395401657412,0.0,0,0.04739106967721048,0.0,0,0.2753983816955407,0.0,0,0.17243503873255386
2025-09-11,-0.4808885,-0.42819437,-1.7349021,-1.6790088,-0.49177822,-1.3530382,2.163558,2.2929215,-1.2394366,-0.59601736,0.004371847,-0.26018628,0.33572543,1.5066792,1.1940252,0.8026953,2.6582766,2.884816,-0.39679593,0.21997118,-0.87710327,-0.26675642,1.0601722,1.3473843,0.2130089,0.31807825,2.006378,2.3002183,0.7253371,0.08181071,-0.66879714,-0.83857566,-0.19663511,-0.673915,0.42303887,0.7031106,0.50068885,1.3141203,-1.1341153,-1.3757255,1.0,1,0.8349022961430659,1.0,1,0.8695198228353761,0.0,0,0.16100403529332705,1.0,1,0.9048164950078907,0.0,0,0.19063749173846015
2025-09-12,-1.9242066,-1.8848939,-1.6037768,-0.6598067,0.6171601,0.57452095,-0.15323827,0.0043916553,-1.8348415,-1.7163328,-0.55084026,-0.38347554,-1.9370153,-2.7635384,-0.26317853,0.17877895,-0.8653596,-0.5591723,-0.5579658,-1.4908835,-0.08435488,0.8903644,0.18262997,0.1315403,0.05955537,-0.61861634,1.2916777,1.2354378,2.4010284,2.7840877,0.85196435,0.51834625,-0.18963239,0.11884785,0.7519678,0.6699922,-0.7272665,-0.29200616,-0.8258372,-0.85623413,0.0,0,0.0726785495373621,1.0,1,0.7096703308133395,1.0,1,0.7904790073182292,1.0,1,0.8345669876139836,0.0,0,0.2742219731866076
2025-09-15,-0.8712446,-0.62527335,0.29235944,0.7013632,1.2385058,1.3809134,2.2241359,2.5657835,1.3242716,1.3418088,0.6976874,0.8737906,-0.6883267,0.042769015,0.07664821,-0.15904257,0.5434593,0.783877,-0.12225308,-1.249392,1.8628616,1.8252966,-0.81995076,-0.4215084,-0.7141378,-0.4854892,0.380045,-0.03460133,2.0068004,2.0575175,-1.8127424,-1.9042493,-0.8460402,-0.49845567,1.2879031,1.5783911,-0.678951,-1.067177,2.059095,3.1742873,0.0,0,0.10824281088390443,0.0,0,0.04132679272112213,0.0,0,0.27824929978931195,1.0,1,0.7418824925643459,1.0,1,0.9842528917868689
2025-09-16,-0.8215197,-1.32992,1.072326,1.5569615,-0.08817748,-0.25054446,0.45955893,0.9263334,-1.0358851,-0.2052474,-1.6062075,-1.0818774,0.7755496,0.8910856,-0.5293076,-0.35630494,-0.91869307,-1.0798776,-1.1052928,-1.2693578,-1.0450357,-0.5041115,1.3532267,1.2528423,-0.9226433,-0.7002666,-0.54247284,0.19290972,1.9666845,2.2234614,-0.4323159,-0.9324705,-0.0056563704,-0.49554804,0.3676509,-0.28706756,-0.29599908,-0.79151845,-0.6881266,-1.0940958,1.0,1,0.7879950947589629,1.0,1,0.8225702339210077,1.0,1,0.7076337682351682,1.0,1,0.7024684066526352,1.0,1,0.7837842475336636
2025-09-17,1.2788848,1.5167047,0.31983072,-0.13487315,-0.6294936,-0.886189,-1.3852981,-2.3018641,-1.157672,-1.6493744,-1.0245454,-1.1343992,-2.155984,-2.1092591,1.1739384,1.7692307,0.10210069,0.046045713,0.5366539,1.3119364,-1.4188743,-2.373202,-0.4851077,0.038579077,-0.24009952,-0.3948202,0.07558978,0.5995924,-0.20628595,0.41571826,-1.2449243,-0.9589428,1.0918492,0.6689968,0.710284,0.85001874,0.07486002,0.52819645,1.0322338,0.6939237,0.0,0,0.06397755222491876,0.0,0,0.21279444582057985,1.0,1,0.9038410527927553,0.0,0,0.22490246959280127,1.0,1,0.8581534487213374
2025-09-18,1.2081034,1.531841,1.3939064,1.8780767,0.1630254,0.24473408,-0.31479505,-0.8398328,-0.47981194,-0.8153382,0.89123297,0.7963704,-0.7014649,-0.24707821,-0.9135261,-0.9887299,0.5543969,0.13404799,0.5230042,1.1360915,0.63654965,0.98672545,-0.8492181,-0.29118705,0.3007372,-0.3727259,0.9152972,0.29355133,-0.47983146,-0.18934533,-0.26813835,-0.16914648,-0.29795405,-1.5096616,1.5192183,1.62764,0.90080863,0.49807882,-1.3405699,-0.8595053,1.0,1,0.9226887606382081,0.0,0,0.2928778591735704,1.0,1,0.7453396164114242,1.0,1,0.9148990292742345,1.0,1,0.8252659118763581
2025-09-19,-1.5207515,-1.1349206,0.6501107,0.8836063,-0.21310309,-0.7913555,0.53257245,0.98681676,0.26569542,-0.7721225,1.0096009,0.5137055,-1.625715,-2.5119205,-0.547863,-1.9268156,0.25099406,-0.22666728,0.23446953,0.32867905,-0.94813937,-1.1630479,-0.5271589,0.017628849,-0.5858428,-1.5747159,0.04467917,-0.32447708,0.70056427,0.2354843,-0.2754685,-0.13633339,-0.15305406,-0.50449497,-2.0941775,-1.8424956,-1.0611035,-1.0235201,1.85298,2.1604722,1.0,1,0.7486701841734249,0.0,0,0.23271815308579946,0.0,0,0.29004033354870495,0.0,0,0.05677248191285241,1.0,1,0.9707151519669295
2025-09-22,-1.7147076,-2.957884,1.3643918,1.3680004,-0.2978918,-0.7420136,-1.9632018,-1.9802047,1.4576846,1.0233939,1.284069,1.6843333,-0.5032482,-0.8522759,0.86727697,1.3403513,-0.35589454,-0.20430776,0.050926276,-0.058375023,0.1662695,0.22856618,-0.23101056,-0.6400986,0.52437264,-0.18117672,0.385749,-0.3115146,-0.5228849,-0.06966376,0.29599315,-0.14001006,-0.5205875,-0.40580034,0.13381866,-0.119086444,-0.4968696,-0.3782761,0.09729067,0.33057943,1.0,1,0.9422272014212862,1.0,1,0.9794130365013325,1.0,1,0.8586482385078488,1.0,1,0.9099119696264834,1.0,1,0.9578679256728253
2025-09-23,1.6006459,1.7500519,-0.65389144,0.04114902,-1.463127,-2.1200309,1.5941454,0.8102856,0.2924444,0.89025134,-0.6506142,-1.1326075,-0.24964993,-0.50585365,-0.91375107,0.30877405,0.93784386,1.3915939,0.71333903,-0.6671719,0.62857234,1.0175047,0.22020343,0.36663604,-2.0500417,-3.1019235,-1.1869783,-0.672274,0.2844003,0.81367445,-2.654949,-3.1633544,-0.07925562,0.10286986,-1.0253124,-0.692494,0.6332937,0.15829769,-0.19660138,-0.38251007,0.0,0,0.1907752752327178,1.0,1,0.8786882556576924,0.0,0,0.040301439430515305,1.0,1,0.8671230840930162,1.0,1,0.9473165128657661
2025-09-24,1.0589181,1.4450076,0.33765468,0.6734586,0.11374875,0.008381285,-0.97333956,-1.6235285,0.6277086,0.16127613,2.3792827,2.568563,-1.7104445,-2.1129801,-1.0237345,-0.32814986,1.6640927,1.596303,0.5117912,-0.19601804,-0.2959296,-1.9267921,0.7819784,0.7971883,0.3324921,0.6484127,-0.6526219,-0.78041434,-0.6682909,-0.8173808,0.8552753,0.46135223,0.34330472,0.0008330643,1.0776825,0.55334175,0.65378076,1.1511083,-0.6139953,-0.83742416,1.0,1,0.7209776910929565,1.0,1,0.70410658176815,0.0,0,0.21978913336274258,0.0,0,0.08474534251527834,1.0,1,0.9880783220139155
2025-09-25,1.5241162,1.6638687,-0.92316294,-0.73242575,-0.45329508,0.70518494,-0.78278214,-0.9064689,-1.4011801,-1.4244502,0.62259364,1.2139295,-1.0528532,-0.49330485,-0.68422484,-0.05557847,0.9427729,0.8972544,0.86521316,0.10617113,-0.6214242,-0.9484067,-1.3080394,-2.6136384,-0.10425365,-0.929569,-1.5978659,-0.5426322,-1.0104243,-0.57262754,-0.3877763,-0.6563036,-0.15813023,-0.4937902,-0.5552302,-1.0411832,-0.1453449,-0.61640865,1.3820403,1.5471601,1.0,1,0.8402327120309987,1.0,1,0.8615930438872151,1.0,1,0.867420802818812,0.0,0,0.19812384427540436,1.0,1,0.8429533873494667
2025-09-26,0.62712616,1.0361198,1.3792262,1.2959297,0.8960294,1.5109241,0.23198166,-1.0269649,-1.2138402,-0.73605204,-1.3360871,-0.40360314,-0.020585278,0.30357692,-0.4086076,-0.7829449,-0.9345431,-1.1627887,0.40970463,-0.2491296,1.2240791,0.7440818,-0.06808749,-0.9733505,0.08583556,0.20341653,-0.5469649,-0.7693896,-0.6879409,-0.4964708,1.9736531,2.27862,-1.2564111,-1.1496762,-0.16122466,-0.60691965,-0.44714016,-0.9195554,-0.10989163,-0.02952119,0.0,0,0.17406918168065336,1.0,1,0.8762931027705626,1.0,1,0.8644383295071307,1.0,1,0.7815980609553516,0.0,0,0.24210652638584207
2025-09-29,1.0463333,0.52449644,0.9937626,1.2094817,-0.140112,0.1647432,1.1234957,1.0936543,-0.76654714,-0.7079529,0.3556771,0.23072897,1.779512,2.0849972,-0.57758796,-0.8005179,0.2051174,0.13981414,1.49858,2.6381626,-0.84247756,-1.3188398,0.06432515,-0.063177995,-0.31480038,-0.020301282,-1.1169431,-1.3572857,0.4042611,0.541695,-0.8441291,-0.7608968,1.6557544,1.8702164,0.020661192,0.35173625,-0.21014954,0.7685257,0.0408718,0.45757127,0.0,0,0.004859179131792191,1.0,1,0.9075278760550886,1.0,1,0.7409493169223291,1.0,1,0.9444954837076279,1.0,1,0.9713835930041563
2025-09-30,0.10278738,0.49179983,-0.19922422,0.32256526,0.05722852,0.18804824,-0.5748116,0.34207368,-0.4994395,-0.820454,0.5270435,0.4622753,-2.1363504,-1.7991979,-0.7994832,-0.78651094,0.008555205,-0.28094923,0.34238046,0.10442427,-0.3905415,-0.42308602,0.13622405,-0.43390888,-0.34946468,-0.69187164,-1.8607136,-2.01842,0.9404709,0.56542706,0.26799598,0.68532,-0.95735705,-1.2496907,1.474975,1.7909161,0.67749447,-0.09336597,-0.62550443,-0.5767445,0.0,0,0.10382181041089768,0.0,0,0.19665595112924597,1.0,1,0.9281824713576678,1.0,1,0.731599346459953,0.0,0,0.21923613898031505
2025-10-01,1.1065668,1.909152,0.5390278,0.2142978,0.82887477,1.6762458,-0.60179377,0.2520575,-0.5566335,-0.35806268,-0.82246417,-0.9049141,-0.5410585,-0.1746597,-2.3130884,-3.3807912,1.0837661,1.1751652,-1.1804482,-0.6772827,0.5697124,0.7528453,-1.2982193,-1.4304454,0.11680681,0.31320179,-1.1923517,-1.4030027,-0.019878982,-0.23957355,-1.5996963,-1.360827,-0.59192103,-0.6667091,0.6596407,0.5001824,0.21389623,-0.5453461,0.1710459,0.81442016,1.0,1,0.8260046631515029,0.0,0,0.10081935267807841,0.0,0,0.21442335365133985,1.0,1,0.7522606051696273,0.0,0,0.048199802934531175
2025-10-02,-0.8584359,-1.4032352,-2.1965322,-2.5841506,-0.89302576,-0.80878913,-0.51095074,-0.5642231,1.479249,0.79209036,0.56952393,0.3013032,0.31646237,0.19393086,-0.5818634,0.014581144,-0.72925955,-1.1278136,0.6406217,0.1631079,-0.37205124,-0.27028704,-0.33689445,-0.6085777,1.9178545,1.4471437,-0.9818194,-0.7393966,-0.28160572,-0.36204198,-0.24968995,-0.26822752,-0.6513331,-0.105579674,-1.4115666,-1.3853538,1.2723507,1.0481713,-1.4124463,-2.1921315,1.0,1,0.7414610519691758,0.0,0,0.19879152960043947,1.0,1,0.8384568296874114,1.0,1,0.9777855269241893,1.0,1,0.7227966784591169
2025-10-03,-0.9076144,-1.5285945,0.25626522,0.02068472,-1.2437357,-1.4898938,-0.15579975,-0.808538,-0.25659505,-0.46441457,-0.23675005,-0.41857955,-0.14006673,-0.9635793,-1.4084207,-1.7214863,-0.54950297,-1.3357096,1.2845129,0.46358675,1.1639435,1.7009809,-0.5807785,-0.29750985,1.0848958,0.04197538,-0.9398652,-1.5280986,-1.3639585,-1.4324538,-2.0172632,-2.2690163,-1.1129982,-1.1389018,0.45987767,0.43304586,-0.32554793,-0.13643703,1.6616341,0.86348933,1.0,1,0.8326686065712819,1.0,1,0.7397071832376819,1.0,1,0.9478968158670376,0.0,0,0.09935583078803148,1.0,1,0.7517198375724241
2025-10-06,0.8394364,0.7890283,-0.35421473,-0.20970857,-0.22328055,-0.881436,-0.21591176,-0.12801623,0.99910593,1.5750334,-0.38418984,-0.65789413,-0.014502134,0.12439656,-0.7354443,-0.7748211,1.2987542,2.6533685,-0.34911025,0.14229408,-0.6467966,-0.79477394,-1.5201408,-2.4506476,0.96624744,1.2027607,-0.59170246,-0.7300811,-0.07038824,0.8106919,-0.41044673,0.487223,-0.18651828,0.54626274,-1.9825481,-1.7829843,-0.78457916,-1.4104245,-1.0836115,-0.55642605,0.0,0,0.1755561810906532,0.0,0,0.007503375689959035,0.0,0,0.27090927191493447,0.0,0,0.23000218025030372,0.0,0,0.156717201088487
2025-10-07,2.1783953,2.1711378,1.3468659,2.0308175,0.43807676,0.2866695,2.4867637,1.6759914,1.2773224,0.376464,-1.3447235,-1.9006064,-1.2852247,-0.8065215,0.26786497,-0.47132173,-0.06937452,-0.08649183,0.21147731,-0.14508587,-0.82493114,-0.1481846,1.8455042,1.8743186,-0.35111347,-0.8364728,1.1202303,1.1862162,1.4593916,2.097516,-0.5852354,-0.40916777,0.57638115,0.7073812,1.5929784,0.8190253,1.4582454,1.9511565,0.7517689,0.83419436,0.0,0,0.11179406156198851,1.0,1,0.758721856389132,1.0,1,0.987922598769617,1.0,1,0.8806065712796723,0.0,0,0.28715147493247367
2025-10-08,0.43970534,0.9183601,0.07885045,-0.05898595,1.2687669,0.98093545,0.5830606,1.2888706,0.12429127,-0.44915786,-0.472707,-0.87328017,-1.3526571,-1.250679,-0.17352368,-1.314118,1.8644574,1.8118955,-0.48361206,0.1811477,-0.64122283,-1.2085562,-0.24066208,-1.0153955,-0.21286878,-0.42587388,-0.55917495,0.053714037,0.6432376,0.3667132,0.32579324,-0.51100934,1.1828709,1.6427389,0.60151035,0.5128709,0.18648437,0.27770084,-2.1030662,-0.7340386,1.0,1,0.7069921221175325,0.0,0,0.14084237593305513,1.0,1,0.7437950141409199,1.0,1,0.8352793418120271,1.0,1,0.7676123740807203
2025-10-09,0.19714732,0.058564723,-0.65312976,-1.5448418,1.0777279,1.5158283,0.07343992,0.7564869,-0.7626178,-0.7045124,-0.5432406,-0.2435998,-1.2014871,-0.99667585,-0.5475471,-0.24698424,0.31518683,1.2318381,1.1788236,0.35515016,0.519856,0.42402232,0.80969584,1.0525684,0.89110535,1.4603671,-0.32362652,-1.1384919,1.4531459,1.5055772,-1.3517067,-1.4989806,0.123382434,-0.3638758,-0.5257553,0.16786957,-1.9654454,-1.6018398,1.6589947,2.2831905,0.0,0,0.1380059035394042,0.0,0,0.28274264056314957,1.0,1,0.7933289411616441,1.0,1,0.7947847316080909,0.0,0,0.09531994612202664
2025-10-10,-1.9976914,-1.4614792,0.68935025,0.84056103,1.7931751,1.2713491,-0.20312342,-0.993227,-0.11537165,-0.012486875,-1.8987831,-1.897245,-0.249807,-0.74113464,1.4509183,1.4647326,-0.52211946,-0.78355014,-0.974399,-0.7840345,-2.31575,-1.1799706,1.2856786,1.3586265,0.4117884,0.70914793,-0.30201957,-0.013904065,1.0427839,1.9343686,-0.5306814,-0.70966196,-0.33401853,-0.8537275,2.1240208,1.9211652,-0.8962657,-1.4174317,0.29033238,0.7104183,0.0,0,0.14096375329582503,0.0,0,0.2340066700975736,1.0,1,0.8665673584672007,0.0,0,0.11194174929152442,1.0,1,0.8184779819434342
2025-10-13,0.22352348,0.27010193,0.09744204,-0.65,0.0062737507,0.28675696,-1.3066607,-2.1032777,-0.13750091,-0.5645672,-0.24247096,0.026547596,-0.66892445,-1.4889741,-0.83353996,-0.44773185,-1.0017222,-1.5306187,-0.8094269,-1.8648927,0.40909597,0.6714946,0.036456242,0.38751334,1.6554976,1.4583459,0.6033329,0.76616013,-0.59505856,-1.1956255,-0.53911567,-0.20406336,-0.17297181,0.79173625,-0.35002112,-0.89847165,0.0036940367,-0.52775884,1.9411967,1.6759467,1.0,1,0.7030944610159693,1.0,1,0.8157967114532629,0.0,0,0.21788291788558575,0.0,0,0.1611302991596306,0.0,0,0.14416938761896883
2025-10-14,-0.15197873,0.53976756,0.13199699,-0.29221347,-1.1916368,-1.2276343,-1.5005466,-1.7666528,-0.1356416,-0.48505306,-0.41728586,-0.7643521,0.20170422,0.5165903,1.3569881,1.1370586,-0.5104645,0.48204046,-0.6845884,-0.98468477,0.97849816,1.7742622,-0.4356794,0.05172527,0.057514973,-0.4204262,-0.10567951,0.4376421,1.8791848,2.2758625,-1.6831362,-1.8274697,-0.82090575,-0.93714416,0.6507926,1.0703747,1.160096,1.1913133,-1.0290685,-0.6958362,0.0,0,0.08834055815202992,0.0,0,0.2533513228695286,1.0,1,0.9909632699277553,0.0,0,0.15607960426407172,1.0,1,0.9080641145785237
2025-10-15,1.178841,1.4687724,-0.47103566,0.19073367,-0.7262614,-0.9436852,-0.63012505,-1.0817293,0.35383037,1.030945,0.48460627,0.15147692,-0.8747795,-0.19988191,0.20596384,0.14701326,-0.3820916,-0.7302564,-1.1927774,-0.82191163,1.6917864,2.0294404,-0.96751916,-0.22626692,0.1025405,-0.40508884,-1.1648636,-0.09283948,-0.4313938,-0.5439151,0.09087194,-0.012321599,0.16139549,0.18340924,-1.0237566,-0.7879692,-0.11987308,-0.32273722,0.34994605,0.21183583,1.0,1,0.9743609023170055,0.0,0,0.006043301576137616,0.0,0,0.035998876843008586,0.0,0,0.21771048600540996,1.0,1,0.7885967017553944
2025-10-16,1.4841777,1.2894808,0.7981523,1.5196588,1.072882,0.33156437,0.6330242,0.1360215,-0.6671146,-0.7888207,-0.32836735,-0.40631837,0.90653044,0.2694766,-0.68742615,-1.0730422,-1.1213499,-1.3905416,-0.043777432,0.32215297,-1.8179953,-1.6071271,-0.7824212,-0.2917764,-1.1395484,-1.4375801,-0.4124964,-0.99523485,1.3123419,1.6891158,2.319185,2.0189602,0.59305084,-0.04075092,-0.9606293,-1.3066181,0.7311006,0.7389883,0.42049187,-0.56031764,0.0,0,0.09410225733030667,0.0,0,0.19699776816273637,1.0,1,0.949434223586336,0.0,0,0.07226442313975416,1.0,1,0.8984504486827192
2025-10-17,-0.6023682,-0.81800795,0.8810771,1.4266293,-0.48356372,-0.7400306,-0.57944465,-0.22968864,0.057370912,0.75764006,0.6854624,0.848245,-0.36831802,-0.3549042,0.35522026,0.351357,-1.8294227,-0.7271186,0.29227895,0.44581193,-0.47844034,-0.17714506,-0.5229202,-0.04142219,-2.5257897,-2.7240393,-1.4492024,-1.0059209,-1.7455461,-2.7325418,0.6054538,0.8227649,-0.92193145,-0.6161758,0.27331933,0.3534272,0.6589093,0.3327228,-0.5464156,-0.6343575,1.0,1,0.9425933399904208,1.0,1,0.8501888450757698,0.0,0,0.17190009142079032,0.0,0,0.17227312688542448,0.0,0,0.11842144195078458
2025-10-20,-1.0274585,-0.3408305,1.2105101,1.5133045,0.26194137,0.4862,-1.2326835,-1.2961295,0.48041523,-0.094832,-0.66381884,-1.0490336,0.46489185,0.3003714,0.8261753,1.0340958,-0.8169387,-0.23005468,0.49164042,-0.643098,-3.01145,-3.4764285,0.5471281,0.62042195,-1.9600571,-1.0284775,2.525555,1.8287095,0.35416242,0.13263085,-0.6135475,0.031712353,1.1332803,1.4325286,-0.7844451,-1.8261459,0.11917515,-0.89599365,-0.2849066,-0.6541132,0.0,0,0.18898514142716405,0.0,0,0.051750318313433206,1.0,1,0.94115092753319,1.0,1,0.8977397078042229,1.0,1,0.7095685270477504
2025-10-21,0.0011776406,-0.7984015,-0.5595447,-0.61290056,0.4381398,0.9958567,-0.7398498,-0.7840306,0.11252056,0.21659946,0.6284935,-0.012210667,-0.5955043,-1.0053145,0.8356247,1.1569571,0.48572335,0.7473047,-0.2955233,0.20326662,-0.51399547,-0.24948448,-0.048794914,0.5930292,-0.4528483,-1.2513269,-0.5138308,0.08441484,-0.13269149,-1.3960744,-0.21223804,0.07857391,0.10677724,1.1909981,1.4197869,1.2226334,0.9117716,1.1345954,0.84955996,0.7741735,1.0,1,0.8705702949709446,0.0,0,0.22468325467052866,0.0,0,0.10233757889356772,1.0,1,0.8928656476070074,1.0,1,0.8312702009713718
2025-10-22,0.51731604,-0.027875245,-0.6037885,-0.68009824,-1.0606616,-0.86269295,-0.22756356,-0.1610094,1.1861585,1.4646671,1.1991969,1.0950993,-1.4580215,-2.277643,-1.7741461,-1.0683486,1.6748602,1.6409179,1.4250135,0.79941994,-0.6265618,-1.0533534,-0.07721766,-0.48540574,0.049988847,-0.11403178,1.1031849,1.1348315,-0.48797634,-0.846744,0.59179014,-0.36306995,0.2737782,-0.036503404,0.30063128,1.1160696,1.0540166,1.1161422,0.14665876,0.7225189,0.0,0,0.05159271347639692,0.0,0,0.16761104606214758,0.0,0,0.02435463463180335,1.0,1,0.9293980933803003,1.0,1,0.7564998817290823
2025-10-23,-1.2813219,-1.8608506,0.90240467,0.9486534,-0.48704788,-0.5785789,0.8978117,2.0693839,0.26474917,1.0812616,-0.9780268,-1.830205,0.25505024,0.01607126,-0.6350346,-0.034001887,0.27021694,-0.2899636,-0.40429264,-1.5563934,1.0100505,0.93232363,-0.71172696,-0.36935696,-0.3676327,-0.34369874,-0.69988173,-0.8425197,-0.79389817,-0.14756352,-0.26975328,-0.12795869,0.21420771,-0.14411235,0.5607224,0.35051233,0.051038656,-0.16164796,-0.4550816,-0.026435852,0.0,0,0.18319980047510778,0.0,0,0.10685189453002582,0.0,0,0.17514172224974195,0.0,0,0.10584635240282239,1.0,1,0.7754645503632559
2025-10-24,-1.5590836,-1.3825878,0.9421281,0.12692934,-0.5076193,-0.24908426,0.4007326,-0.23978433,-1.0651075,-1.2824912,1.5142219,2.211485,0.6915554,-0.1446554,-0.88865274,-1.2572365,0.34806517,0.11688009,1.3427358,0.73060536,-0.17662089,0.4126231,-1.7013013,-1.9820887,0.4568133,0.46585807,1.8474092,1.7530962,-1.5972296,-1.1665199,1.0248266,1.2275783,-0.23285556,0.33225018,-0.09116748,-0.6245394,0.19173488,0.025544137,0.012319205,0.46250704,1.0,1,0.717303061505757,1.0,1,0.7790276737797653,1.0,1,0.7443369620050673,1.0,1,0.8460138064770177,0.0,0,0.004098539861310357
2025-10-27,0.8627878,1.1477277,-1.1645666,-0.84196573,-0.086039804,0.0047557727,-0.9355854,-1.3218467,-0.5107121,-0.3988707,2.9725742,2.8698094,-0.84595335,-0.6413022,0.448855,0.08536056,0.30632246,-0.16232812,-1.9199512,-2.0532436,-1.1472173,-0.6674987,-1.816211,-1.1916342,-0.15287764,-0.5584014,-1.3146522,-1.0353568,-0.8972528,-0.7031663,-1.5351291,-2.4577427,0.6731945,0.381478,0.5968648,1.0170794,1.4863565,1.9393847,-0.17587423,-0.6685638,0.0,0,0.1424153022025571,1.0,1,0.9092677151233367,1.0,1,0.984173827219119,1.0,1,0.7179553764913056,1.0,1,0.7319551595576972
2025-10-28,0.7380885,0.6699772,1.1296003,0.6237276,2.0920403,1.4253771,-1.2495517,-1.5319237,-0.81034166,-0.48388806,-0.9809568,-1.4332495,-1.3866283,-1.5110275,0.7144414,-0.074760914,0.7281334,0.5857293,-1.3978138,-2.4616652,-1.0857246,-1.0942165,0.31369916,1.3382614,-0.4917047,-0.5337268,0.22901249,-0.030163735,-0.16907603,0.38755482,1.0600164,0.7022079,1.1267089,1.75835,-1.8298492,-1.7964618,1.356285,1.2039111,-0.4818121,0.14955494,0.0,0,0.16125956757631732,1.0,1,0.7250356466257359,0.0,0,0.14087325237624032,0.0,0,0.29369152588576314,1.0,1,0.8419398841884759
2025-10-29,-1.1340325,-1.5258567,0.6029065,0.8156382,-0.9796984,-1.3220613,-1.2572391,-1.699159,-0.3449714,0.45415846,1.3611963,1.2870041,-1.8179132,-1.9949433,-1.0413233,-0.0071733,-1.6915466,-1.353387,-1.2047302,-0.1814729,-0.14856091,0.46642122,-1.3197888,-0.8721187,0.3103775,-0.09591922,0.10581975,0.7736239,0.7222048,0.4127078,1.9200355,2.3816962,-0.98847365,-0.8939698,-0.4809367,0.16585112,-0.6043046,-0.11415219,-0.45216614,-0.97544897,0.0,0,0.1315521067354241,1.0,1,0.7780381288680281,0.0,0,0.2988968766302473,0.0,0,0.03459321773795397,1.0,1,0.9299018805449376
2025-10-30,0.4033624,0.88403803,0.59983766,0.39003587,-0.5059605,-0.18917874,1.3317038,1.4716483,-0.27163735,-0.3749326,-0.115887776,-0.17206082,-0.8899123,-0.5962603,0.6679753,1.1067793,0.7457116,1.2688723,0.0028033694,-0.5274579,-2.15301,-2.053314,-0.24385136,0.22220907,0.59327406,1.9345527,-0.41728535,-0.56247807,-0.09672805,-0.14672656,0.5125562,1.2766297,-1.8193921,-2.0763311,0.79470617,0.5907165,-1.8936985,-1.1207507,0.09553976,0.5160116,1.0,1,0.9934797563417084,1.0,1,0.7776415017292768,1.0,1,0.9140812255988859,0.0,0,0.20311040194933816,1.0,1,0.7204348066435426
2025-10-31,0.5749597,0.9482423,-0.5019481,-0.46583158,0.4671493,-0.106910914,0.49385995,0.52180445,-0.5317321,-0.57838356,-0.42437857,-1.2986401,0.80389255,0.7175947,0.30647334,0.23818743,0.6004891,0.87663114,0.41083616,0.2723924,-0.56932884,-0.19461241,-1.0569695,-1.2785711,-1.0213835,-0.28670114,-1.3359501,-0.14108169,-2.0088136,-2.4135823,-0.59002453,0.025710344,-0.90081406,-0.4775908,0.06433315,0.56477046,-0.22828355,-0.31829536,0.37314907,0.4486878,0.0,0,0.03483166033523962,0.0,0,0.008221192154248514,1.0,1,0.7734067905297508,0.0,0,0.20230412338816392,0.0,0,0.2839433891583893
2025-11-03,1.1258303,1.3300414,-0.98093086,-0.86774594,-0.25024316,0.4993635,-0.38073602,0.7735361,-0.8735687,-1.1328986,-1.1930087,-1.7962615,0.0596487,-0.40805537,0.26355985,1.003243,-0.27727836,-0.029096872,0.56235653,0.6232611,0.31180945,-0.4104022,1.0116632,0.87787634,0.0432626,-0.10700388,0.15319186,1.0154119,1.1207956,1.151497,-0.43161574,0.13336411,0.46204764,0.25596792,0.99534494,1.3836708,0.9026614,0.8060127,0.83184355,1.2142794,1.0,1,0.7095538326339147,1.0,1,0.824637127387072,0.0,0,0.23498293290060562,0.0,0,0.11344387256316586,0.0,0,0.1616893197572658
2025-11-04,0.6250779,1.1182067,-0.28210926,-0.9777232,0.98443985,1.6514218,-0.5028698,0.43986017,-0.42015883,0.41687462,-0.21233103,-0.10958182,0.5420585,1.0500836,1.6095068,1.7663071,1.3212872,1.1841861,1.2743907,0.87155145,0.69182783,0.3673724,0.1555987,0.27807415,-0.86749613,-0.85370433,-0.5831598,-0.028521657,0.1398613,-0.15995355,1.7071801,2.1401782,0.57861423,-0.23174256,0.37289533,0.17868774,0.5815974,0.4548764,-1.3402208,-0.92309564,1.0,1,0.7687921569613128,0.0,0,0.25191915872804505,0.0,0,0.054846893294727916,0.0,0,0.1436308580692444,0.0,0,0.060172526555078217
2025-11-05,-0.66017884,0.22857487,0.5164953,-0.060062647,1.0236219,0.55525976,-0.59307367,-0.78578305,0.55897915,-1.1166939,-1.8823858,-1.3655208,0.5044418,0.47979093,1.4276658,2.3575454,-0.2000417,-0.6842525,-0.61501193,-0.6907716,2.675446,1.890762,0.04964534,-1.1381488,1.383561,1.0181051,-0.6494459,-0.022713661,-1.1882952,-1.816078,-1.5294664,-0.3975495,0.996083,1.3944128,-1.6575952,-1.8576096,-1.9955268,-2.252103,-0.61334413,-0.013593793,1.0,1,0.8866194753218797,1.0,1,0.9553393141258806,0.0,0,0.07599968810025702,1.0,1,0.7701583664324365,1.0,1,0.9465988220840027
2025-11-06,-0.3884783,-0.67333424,-0.27536744,-0.41815865,-1.2401111,-0.38286793,-0.8072506,-0.28664356,0.057136998,0.11164234,-1.9326925,-1.9586331,0.09799668,0.907148,0.6059405,1.1074426,1.3732699,1.9600241,0.45569414,-0.27151924,1.1574272,1.4923663,0.30123088,0.77414334,1.4945107,1.7142652,0.12768053,0.41960424,2.0873518,1.3893371,0.5998439,0.5820152,-0.5572828,-1.8734041,0.1847275,0.57791656,-1.7416995,-1.9864825,1.2110827,1.3114815,0.0,0,0.11797970008083915,1.0,1,0.984875098868112,1.0,1,0.7340993804273193,0.0,0,0.15331209567314902,1.0,1,0.9737852517894094
2025-11-07,-0.27334225,0.23307991,1.2328236,1.7335181,2.2093604,2.1621125,0.010438345,0.38671717,0.038255308,-0.36940303,-0.15099527,0.32382846,0.37309,0.7372428,2.216439,2.1983225,1.2840506,0.7409741,0.24143346,-0.012828425,1.0604686,1.0979358,-2.0579634,-2.0715818,0.123921975,-0.2632175,-2.8295372,-2.8413858,1.1243167,1.44127,-2.1687698,-2.630963,0.5476519,0.041401386,-0.9028321,-1.3965139,2.5591226,2.5824118,-1.2645553,-0.8630084,0.0,0,0.24495047020109367,1.0,1,0.9868787620821982,0.0,0,0.2990196949540907,0.0,0,0.25823930301015896,1.0,1,0.9021517944438826
2025-11-10,-0.3288243,0.31011525,1.692597,1.8639323,0.44367266,0.21486041,0.20734331,-0.39241555,-0.2298279,0.04320182,0.09453314,0.1947403,-0.7495544,-0.8840009,-0.16558234,0.6421316,-0.043686762,-0.43497556,0.73089945,1.0391428,0.08123773,-0.47068262,0.84671074,1.0328871,-1.4869444,-1.2187383,1.4106845,0.8260766,0.45779052,1.6642047,1.6395437,2.2642362,0.53217655,-0.26662266,-0.10151259,0.011252187,0.14116667,0.44848347,-1.1535164,-0.62640697,1.0,1,0.781257457461351,1.0,1,0.7415268181285959,1.0,1,0.9190302035639744,0.0,0,0.2673286242942762,0.0,0,0.01810885288029864
2025-11-11,-0.2261296,-0.45320016,0.18633173,-0.19432618,0.13469397,-0.22608785,-1.6363709,-1.9444811,0.49080974,0.38294616,-1.0033206,-1.2353613,-0.21468097,-0.06364514,0.8512767,0.39090097,-0.7063053,-0.82521486,-0.12511918,-0.014874697,-0.44014755,-0.058525234,0.54032075,0.9841955,-1.1522202,-0.5361845,-1.5511868,-1.5511242,-2.0742574,-2.182494,2.175956,2.1405737,0.6778847,0.15499556,1.6182365,1.1910906,-0.37403676,-1.2072138,1.1225181,0.60015666,1.0,1,0.9769498759877211,0.0,0,0.2682386409118045,0.0,0,0.2645629271632724,0.0,0,0.17471455048278053,0.0,0,0.12469673503059192
2025-11-12,-0.4451686,-0.42065638,-1.2627785,-0.46447253,0.8469605,1.2873403,-0.2944486,-0.24400002,0.25990525,-0.12565553,0.41894406,0.9509599,0.59147984,0.85573524,-0.21275145,-0.30901754,-2.3094642,-1.8499186,-1.188046,-1.748948,0.5654945,0.66256845,1.946916,2.33005,-0.035177436,-0.8557784,1.3797565,1.2393389,-2.3766935,-2.4909046,1.4900956,0.6804394,-1.135585,-1.1076822,-1.0134884,-1.1399641,-0.29978192,-0.6868472,0.2966841,-0.0903728,1.0,1,0.7820110350581766,0.0,0,0.21671838870307236,0.0,0,0.28662466506377154,1.0,1,0.8821386085039511,0.0,0,0.032644536837662816
2025-11-13,-1.1977494,-0.5725898,0.9961053,0.47573763,-1.4421992,-0.8531028,0.13603239,0.040719055,-0.883816,-0.6043836,0.21338739,-0.046238884,-2.017569,-1.5107671,-0.9793033,-1.2944814,-1.2490559,-0.79670304,0.909679,1.4834853,-2.2396877,-2.729905,1.730914,2.0815763,-0.5132522,-0.8482414,0.1898184,0.7467293,-2.5475156,-2.1791303,-0.7969824,-1.0810909,0.83762026,0.9036953,1.5003589,1.6398237,-0.99095523,-1.639565,1.132739,2.064375,0.0,0,0.11932879038892677,0.0,0,0.06762457157478448,1.0,1,0.7768142568388535,1.0,1,0.9523063874904785,0.0,0,0.038488961508605944
2025-11-14,0.17500299,0.14064923,0.6419955,1.0545263,-0.21249834,0.44075558,1.5149803,0.9914232,-1.70756,-2.3220813,0.64241886,0.05476612,1.5376755,1.9143729,0.7691371,0.6728371,-0.28665125,0.22006261,0.5175448,0.99689245,0.26141253,0.24693434,-0.27533105,0.50596726,1.0696281,1.2571604,1.3427902,0.94861203,-1.3606873,-0.9304528,1.8584615,1.6551708,0.05174122,0.34700227,-0.17073096,-0.4573326,0.9264295,1.4036477,-0.7672009,-0.76670223,1.0,1,0.7461800824343503,1.0,1,0.8264797482825974,0.0,0,0.18768226666326923,1.0,1,0.7941146111475895,1.0,1,0.8676575633217738
2025-11-17,0.46817747,0.44344077,-0.32746723,-0.5487438,-0.034936354,0.94507074,0.38742217,0.3771458,0.021143187,0.8314319,-0.32819536,-1.786935,1.2051804,1.270513,0.5736834,0.490515,0.49927452,0.7137163,0.8849441,1.3595151,-2.089312,-2.6042793,0.9092752,2.1019893,2.3069825,2.851398,-1.0342841,-0.85364234,2.5180678,2.5414906,-1.7900736,-1.6356082,-0.6974592,-1.1397636,0.6742957,0.53902006,-0.5977331,-0.7587023,-0.89007694,-1.1536899,0.0,0,0.019051170085582058,1.0,1,0.7238103109029217,0.0,0,0.14405475725076375,0.0,0,0.29996047374996726,1.0,1,0.9793517393841518
2025-11-18,0.15304376,0.56261665,0.43728048,0.27805978,0.8744356,1.1156971,-0.27215213,0.26626468,-2.0286133,-1.638022,0.57260346,1.2664064,1.2954278,1.2272162,-0.46125898,-0.21376118,0.7867321,0.47245127,-1.3632272,-1.8584086,-0.7223718,-0.5669888,-1.1864299,-1.0330591,0.09604111,-0.016329356,-1.1714908,-0.8422694,1.6562757,1.3522823,0.5123995,-0.15597868,0.043589264,-0.55435157,0.7158184,0.714268,1.2774711,1.5485461,0.38875645,0.98586357,1.0,1,0.7957681178102016,1.0,1,0.7939976616738966,0.0,0,0.19631028907332126,1.0,1,0.9596471498714941,0.0,0,0.24197755824655992
2025-11-19,-0.8365566,-0.60194516,0.08729227,-0.18178822,-0.43633237,-0.82695436,0.5385576,-0.40868962,-0.38710564,-0.48434758,0.07086204,0.8590555,1.0501306,0.9713144,-0.798612,-0.4433484,-0.14768434,0.13092113,-0.23338781,0.1585856,-0.60954255,-0.041573346,2.5588865,3.2253327,1.1693779,1.1833711,-0.65871227,-1.6516263,-0.6421873,-0.101635456,0.34134796,0.5027687,1.2665075,1.4112341,-0.102453895,0.067985706,0.8524997,0.6595633,-1.7470819,-2.4327943,1.0,1,0.7183576665293318,0.0,0,0.04868129339685232,1.0,1,0.9063542293250266,0.0,0,0.1545025599927958,0.0,0,0.14461106324948808
2025-11-20,0.40435976,0.16887957,1.3253231,1.9931235,0.16236949,0.20836139,-0.6354461,-0.5082202,1.1112524,1.0983068,-0.98338753,-0.43790543,-0.28219184,-0.6587816,0.61401004,0.8197348,-0.90790015,-1.0696907,2.651202,3.1962733,-0.18952683,-0.6160313,-2.0124278,-1.0372472,1.104022,1.4518316,0.3624182,1.090136,-0.036728982,0.3422229,0.4928247,-0.11191979,0.64319897,0.8626062,-0.10112297,0.26640755,0.6946909,1.1490932,0.3980646,0.47156617,0.0,0,0.09011331983904387,1.0,1,0.8620379675052785,1.0,1,0.8357184355772058,1.0,1,0.9792198830784216,0.0,0,0.27380361786581575
2025-11-21,0.96075827,1.676587,-0.47574976,-0.73452944,-0.37717295,-0.38555768,0.6362765,1.1289219,0.709192,0.46744576,-0.015835362,-0.65475553,0.103885576,1.264516,0.9613614,1.3243134,-0.84437156,-1.5174799,-1.1941224,-0.828579,0.80115145,0.848567,0.39230266,0.30695328,-0.6982478,-0.8282717,-0.2806826,-0.15841922,-0.75454026,-0.2590788,-0.5176732,-0.586649,1.3266379,1.48365,0.05381326,0.41652533,-1.1088161,-0.74164057,0.5273524,0.17123678,0.0,0,0.21996772328137393,1.0,1,0.7025328568450373,1.0,1,0.832591021209644,1.0,1,0.9999321346238677,1.0,1,0.8570585126259203
2025-11-24,0.5298623,0.08762398,-0.05978021,-0.20473002,-0.067354105,-0.54137886,0.5056985,-0.30499732,0.7712154,0.95758617,-0.09662131,0.45985225,-0.56398505,-0.4178036,-0.22715485,-0.67869604,0.9805929,-0.44129783,0.773778,0.814977,-0.42068517,-0.36676076,2.8411577,2.0656068,2.5112777,3.2514722,-1.0522263,-0.617043,1.0299355,1.1599448,-0.99627465,-0.31260896,0.0441648,-0.20354494,1.5538139,1.8550185,0.774034,0.76412433,-1.1937693,-1.1135201,0.0,0,0.23176786052058154,0.0,0,0.07951700287173404,1.0,1,0.8921986179448251,1.0,1,0.7771819004352427,0.0,0,0.05016559093156695
2025-11-25,0.5178681,1.8585463,-2.4529407,-2.036397,-1.5861343,-2.272877,0.035277523,-0.13548204,-0.8256392,-0.34762993,1.5773402,0.83933616,0.13349678,-0.37205142,1.2775925,0.8203488,0.11758097,-0.012367763,0.1694988,0.7221481,0.17283234,0.5563601,1.9665171,2.0940945,1.6176002,1.8419158,-1.1186231,-0.47429305,-0.25987047,-0.9537468,1.6860198,1.7252622,-1.5058938,-1.2963222,1.8389757,1.7246855,0.63444954,0.3499268,-1.0205954,-0.4014001,1.0,1,0.8227931063955323,0.0,0,0.23403789513464135,0.0,0,0.2356125679785838,1.0,1,0.9407241998026771,0.0,0,0.1632572630302065
2025-11-26,-2.2218792,-2.2141187,0.059969958,0.6689788,1.7431515,2.3340428,0.23449978,-0.101033986,0.55427176,0.5380849,0.4867852,0.31773198,-0.2457194,-0.32588702,0.39721364,0.15494014,-0.6277433,-1.2576205,-0.5732115,-1.6760876,-0.9237324,-1.6952646,-0.37397927,-0.52617157,-0.3745975,-0.0030063093,0.1866503,-0.39118317,-0.34557226,-0.40805507,-1.6574177,-1.4951315,-1.1055037,-1.2715838,-0.26798776,-1.0224153,0.52913964,0.24451339,-0.28948906,-0.11387956,0.0,0,0.16274193723515526,1.0,1,0.9357914657887605,0.0,0,0.13057986957089035,1.0,1,0.8380324402777082,1.0,1,0.920324025348
2025-11-27,0.39077696,0.3806627,-1.5386224,-0.8215154,1.1892838,2.2256753,-0.46125337,0.4211156,-0.8058807,-0.8771374,0.038756732,1.0251805,0.4507148,-0.06778768,-0.226007,-0.026694775,0.6600403,0.94274926,-1.7660977,-1.8316838,-0.10006155,-0.2046628,0.86103064,0.82158744,0.4795592,0.8705863,-0.2836242,-0.16079752,0.3254634,0.5257426,1.7567241,2.3101768,-1.1293315,-1.9598706,0.26196125,0.26844218,0.12620477,0.07591806,0.6980138,-0.18732834,1.0,1,0.7556559840018752,0.0,0,0.2806828806951016,0.0,0,0.006580966537246213,0.0,0,0.17040207417814168,0.0,0,0.2887458201601765
2025-11-28,-1.1412039,-1.2619381,1.6017996,1.445876,0.87160826,0.3855976,2.3188372,2.2480283,0.08063448,-0.36357737,-0.6019133,-0.9110333,-1.7968293,-1.4588337,-0.472042,-0.9341117,-1.2689167,-1.9590788,-2.0111794,-1.6588606,-0.86616766,-0.43012473,-0.26160935,-0.3145705,-0.16691276,-0.6669042,2.5848587,1.5688881,1.5592881,1.1543155,0.19608629,0.6827253,0.7205739,0.67261434,-0.37696803,0.33102793,-0.41373378,-0.754784,0.49852246,-0.031064987,0.0,0,0.22986154787444613,0.0,0,0.249939678522905,0.0,0,0.1708304479355586,1.0,1,0.8822748206543333,1.0,1,0.8887487992076295
2025-12-01,-0.11135366,-1.0866857,1.6011308,0.4089216,0.7523313,-0.64420694,-1.0348346,-1.9715164,-1.4902178,-0.77611834,0.15912025,0.50922936,1.2043779,1.1294222,-1.0454764,-1.0667421,-0.9293965,-0.40995294,2.4026458,2.8588624,0.030077182,-0.43013307,-0.33135888,-0.562901,2.4884806,1.9678069,-0.29373062,-0.50555456,-1.1289364,-0.5809898,0.08372292,0.040015996,-1.2486054,-1.4716803,-1.5850917,-2.1097753,0.9653593,0.15151453,-0.55695283,0.1710605,1.0,1,0.7797812165031868,1.0,1,0.8872013589115105,1.0,1,0.9922219213928327,1.0,1,0.9394635462340605,1.0,1,0.8116780720148125
2025-12-02,0.49108195,0.0452168,-1.1073464,-1.3792102,-0.2402482,0.2936979,-1.2294284,-0.44662046,-0.94346166,-1.159452,1.7514366,2.2976265,0.7505004,2.0371938,0.6824508,1.5310507,-0.020575933,-0.25494945,-0.3470735,0.21582556,-0.025879035,-0.39171284,-0.42987552,-0.5075197,0.51616794,0.6890526,-0.09330515,-0.48499554,0.19833924,-0.51531917,2.6774342,2.416202,-0.002208076,0.50593287,-1.0870743,-0.73432565,1.5941716,1.8293992,-1.0305115,-1.1372461,1.0,1,0.9190141791827718,0.0,0,0.08370237714364737,1.0,1,0.9962911509670249,1.0,1,0.7680158164843245,1.0,1,0.9605563856440704
2025-12-03,-1.0347419,-0.8436259,1.8125752,1.7648016,0.44699323,0.32693148,-1.0085104,-1.492837,0.10123734,-0.36243993,1.4180198,1.0778911,-0.9041033,-0.521721,0.2166429,0.5292328,2.445167,2.9284887,-0.12580198,-1.5957365,-1.6670705,-1.6555634,-0.37824023,-0.68572766,-0.27826482,-1.7683549,-0.51838505,-0.88675237,1.7534033,1.9972054,0.21292602,0.13858469,0.042285092,-0.10031723,0.56178474,0.486131,0.16035546,0.32493144,-1.9262217,-2.1874666,0.0,0,0.26530545483785783,1.0,1,0.7560168786320463,1.0,1,0.88723750848496,0.0,0,0.0659798846438002,1.0,1,0.9641157799572426
2025-12-04,0.68145645,0.42818168,0.55366385,0.099407375,0.3949481,1.0359033,0.7401092,0.96880716,1.1210097,0.5202307,1.3931429,0.7240696,-1.5964624,-1.2665079,-0.75566393,-0.6673201,-1.0166868,-1.6930106,-0.45497835,-1.2950644,0.36856988,-0.5567951,-1.7854403,-1.2144818,0.6690029,1.2578022,-1.5141592,-1.0728838,-0.9935863,-1.3004788,-1.2197685,-1.6366018,-0.49316227,-0.8651674,0.32113153,-0.93699783,-2.0576005,-1.581058,1.561452,2.0232718,1.0,1,0.8217487646416144,1.0,1,0.711797690441954,1.0,1,0.8410192769409065,1.0,1,0.7834680927316151,0.0,0,0.2584902413364341
2025-12-05,-0.96527904,-1.2569538,2.163851,1.6987697,-1.539006,-1.1508662,0.86365086,0.60752165,0.5695395,0.7363111,-0.23298039,-0.92148334,-1.4318752,-0.5579962,-0.46827975,-0.73484796,1.2896098,-0.019060612,0.858157,1.2107018,0.8602202,1.5067978,1.492318,1.2343659,0.48670098,1.4485276,-0.061863814,0.70526636,0.87291914,1.1848756,0.6973656,0.6668815,1.3777175,1.8674537,0.4776806,0.54283637,0.6114093,1.0029228,1.0123749,0.8445066,0.0,0,0.22792572692147334,0.0,0,0.13282983836387982,1.0,1,0.9654422949467558,1.0,1,0.9268620627557754,1.0,1,0.7325925972489403
2025-12-08,0.0002677244,-0.07720293,-1.0842912,-1.0683882,-0.034965742,0.48539025,0.099453576,-0.08642993,1.1276658,0.6846335,0.653201,1.2939992,-0.5004121,-0.87163436,0.23125795,1.0864881,-0.2981457,-0.38634956,-0.4938486,-0.8128755,0.8142445,0.41283622,-1.0445212,-0.881029,1.0638708,1.0439153,-0.34292078,-0.6829778,0.43217003,0.94799507,-0.3998819,-0.29698113,-0.66230553,-0.54495114,-0.6299631,-0.23767072,0.8451587,1.4526641,-1.6976885,-1.1550364,0.0,0,0.2630376304598153,1.0,1,0.9902059635384521,1.0,1,0.7259701234263258,1.0,1,0.8937422919654074,1.0,1,0.9240163538827573
2025-12-09,0.11778833,0.11125916,-0.64358044,-0.5584851,-0.5069675,0.2901979,1.8233699,1.1163077,-0.7010577,-0.15649855,-0.7371334,-0.23198175,-1.5467741,-1.852453,-1.8701546,-2.6751385,-0.24140923,-0.06989887,-0.6853937,-0.8390857,0.6908938,0.9787921,0.20255156,-0.8072707,-0.9101762,-0.4112711,1.4684898,2.2960348,1.0994947,0.6436639,0.01900254,-0.47773287,0.78358614,1.6599418,1.7129084,2.0888534,0.39364237,0.47347158,-0.5470528,-0.017569661,1.0,1,0.8922216154245388,1.0,1,0.9065038647774711,0.0,0,0.017355893140430467,1.0,1,0.9690449268698172,1.0,1,0.8453451492987816
2025-12-10,0.117194444,-0.043506265,0.17370065,-0.12280057,0.2775729,1.0752985,1.1458309,0.9644772,0.3176787,0.60529137,-1.6520644,-1.9494714,-0.8005175,-1.7759485,-1.0665275,-0.61638796,0.35451725,0.85909283,-0.26862285,-0.7048889,0.35267657,1.4762695,-0.49436677,0.3899821,-0.7283457,-1.030142,1.0173227,0.9376824,0.40300205,0.7232014,-0.23933932,-0.035243705,-1.6629122,-2.0536945,-1.2865889,-1.1775558,-1.184374,-1.0304246,-0.061187938,-1.2592819,1.0,1,0.787477248970379,0.0,0,0.045061851980284624,1.0,1,0.8390065230573386,0.0,0,0.11770412824147286,1.0,1,0.927899826999026
2025-12-11,-0.9586065,-0.9509046,1.0700356,1.161086,0.7424188,0.27187833,-0.1649367,-0.28619435,-0.8517458,-0.45231092,-0.5026103,-0.8855871,0.2910732,-0.6059813,0.021038081,-0.7578211,-0.21232244,-0.2961914,1.1729234,1.8295783,-0.3496025,0.42207178,-0.13804828,-0.892397,0.5539616,0.20722306,0.27078536,0.18455559,1.0808259,1.3557202,-0.49232164,-0.77244157,-0.7786975,-0.5686781,0.65786374,0.07693565,0.12747778,-0.580984,0.79191846,0.3138723,1.0,1,0.8151465512001886,0.0,0,0.1415500704438742,1.0,1,0.8711647097407685,1.0,1,0.8022275513468917,1.0,1,0.7959065480157231
2025-12-12,0.72176623,0.821779,0.7070121,0.8017088,-0.97507954,-1.3027289,-0.09677451,-0.4985632,-0.53955317,-0.2522704,-0.4669659,-0.7925233,0.12333992,-0.25519922,1.5159023,1.977613,2.0885036,1.863872,-0.82285714,-1.7011316,-0.040767647,0.19210288,-0.8049311,-0.12442458,-0.7797988,-0.8712135,-0.27031827,0.0005809665,-1.6217403,-1.4881734,0.35953087,1.2255193,-1.1275786,-2.0275104,-0.17489591,-0.41024637,-0.7984627,-0.43184605,0.67947507,0.80063426,1.0,1,0.7967170219410149,0.0,0,0.20701642692473707,0.0,0,0.13644057639060805,0.0,0,0.17173543742640504,0.0,0,0.29476178614254495
2025-12-15,0.80026525,1.2398915,0.60453874,0.57744586,-0.060209204,0.16494778,-1.6095309,-1.3977106,-1.059748,-0.68591017,0.44228336,0.74295944,-0.6100046,-0.46715957,-0.32083434,-0.04057923,0.51407105,1.0476592,2.1128917,1.9620954,-0.74545133,-1.1732817,0.4316109,1.0557938,-0.57103693,-0.9969684,-1.1261975,-0.8693284,-0.34479997,0.7726339,-0.25295183,-0.00642325,-0.43596572,-0.14925677,0.50850195,1.6480107,-0.28964198,-0.5274487,-2.0623174,-1.9511744,0.0,0,0.06955627615384126,1.0,1,0.7202866485199011,0.0,0,0.07035477277034242,1.0,1,0.9106350153963755,1.0,1,0.9264426211993284
2025-12-16,0.52746373,1.0625634,0.48064655,0.84964395,-1.4353348,-1.2780907,-0.6762406,-1.7645006,-0.48220137,-0.69894993,0.6777549,0.8933117,-0.25079447,-0.09817131,0.9506239,0.76677185,-0.75766253,-0.5548519,0.8521409,0.59794056,0.0016493362,1.049486,-0.37117097,-0.22001246,0.83325136,0.55837727,0.7960681,0.3995183,0.5753458,0.80943006,-0.12833835,0.1972578,1.0466018,1.2682493,1.1937346,1.62887,-0.3111098,-1.5909024,0.10751068,0.19306335,1.0,1,0.7568851036950341,0.0,0,0.11510662311603043,1.0,1,0.8280755800339995,0.0,0,0.12396619813937694,1.0,1,0.9121002553516828
2025-12-17,-1.5162759,-0.9361786,-0.6817746,-0.060915112,0.9735816,1.0968448,-0.95543855,-1.2780023,0.33399057,0.03301269,-0.038130183,0.6776127,1.6435769,1.4675915,0.13940859,-0.065819636,-1.8771243,-3.1856356,-0.42266268,-1.0820413,0.42234206,0.12720475,0.6074503,0.44321123,0.4643604,0.55706155,1.270401,1.4353467,0.25266936,0.63986266,-1.8937298,-1.7423925,-0.6395741,-0.6740483,0.21136825,0.19368577,-0.6842079,-0.08881515,0.34797713,0.62505996,1.0,1,0.9915817741892532,1.0,1,0.7649232537659724,1.0,1,0.8427549416101705,0.0,0,0.1454499074662235,1.0,1,0.7535936970636654
2025-12-18,0.28370675,-0.5623777,1.6126662,1.572449,-0.7055775,-0.51392496,-1.2020228,-0.92629385,-1.2547036,-2.0464015,-0.47579458,-0.56436557,0.50036186,0.7664813,-0.15650322,-0.50859094,-0.6892815,-0.9073818,-1.1084615,-1.3799645,-0.23526102,0.16461077,0.6200119,0.11273223,1.1153177,0.6595738,1.2485358,0.63773954,0.71030366,1.77367,0.30403465,0.6418767,-0.6237071,-0.5910064,0.31114125,0.4892801,1.4837705,2.71804,0.10802099,0.22705334,1.0,1,0.8548997339512078,0.0,0,0.06728138613322548,1.0,1,0.8737529431119718,0.0,0,0.09261728407940384,1.0,1,0.7943522686568686
2025-12-19,0.7453428,1.622653,0.0024488887,-0.36094457,0.4736233,-0.10876259,-0.9259839,-1.0911931,-1.280778,-1.1441694,-0.98339677,-0.6755363,-1.9477314,-1.987425,0.85982805,1.4447095,2.3836317,2.9739294,-0.20869996,0.76227164,-0.7939436,-0.9693289,0.35573187,-0.22385392,1.5945704,1.7827927,0.09048573,-0.10641632,1.2841847,1.4332178,-0.009525577,-0.39497918,0.23275892,0.5613744,-1.5163555,-1.0170014,0.34967777,0.74553263,-0.93037575,-0.5005692,1.0,1,0.844425217529553,1.0,1,0.9830464466471935,0.0,0,0.2649906232715103,0.0,0,0.20112225560080924,0.0,0,0.29740041364480974
2025-12-22,-1.047422,-0.72792614,-1.566646,-1.584026,0.60073256,-0.28888237,2.2853346,1.9199797,-0.7208272,-0.572768,-0.26960438,0.17283851,-0.36060262,-1.2207606,0.44112647,1.3590918,0.9834679,1.0351627,-0.036707725,0.5425648,-0.40017733,-0.7796896,-1.797365,-1.1247792,0.6327318,0.20993745,0.079251595,1.1168747,-1.8077518,-2.0698853,-1.1740557,-0.43274617,-0.9861811,-1.0528575,-0.44594762,-0.11914331,-0.8975701,-0.36715734,0.7776384,1.1343243,1.0,1,0.8037093020163047,1.0,1,0.7116477332325347,1.0,1,0.8068556894577361,0.0,0,0.1355976251023074,1.0,1,0.8458967054730688
2025-12-23,-0.95126045,-0.82259434,-0.505142,-0.76531523,-1.0465411,-0.6698594,0.69084805,1.0241156,-0.43105257,-0.8684605,0.0053186496,-0.04710469,0.5526531,-0.07946098,-0.010271028,0.07719181,-0.14186957,-0.38104105,0.7520819,0.2516631,0.3746543,-0.22065991,0.11586939,0.58263373,-0.38481966,-0.7533682,0.16308913,0.33849615,-0.7191556,-1.862782,1.4956367,1.8157406,0.28376535,-0.001976341,0.45032325,1.1012353,-0.6413184,-1.0065587,-0.22318166,0.3863381,0.0,0,0.24919324697634002,1.0,1,0.7938950840668895,0.0,0,0.155582380088277,0.0,0,0.2571180400070686,0.0,0,0.05476405504863317
2025-12-24,0.69026417,0.6146437,-1.9491781,-2.3075616,-0.2705606,0.16785678,-0.6417867,-0.2647088,-1.133988,-1.407724,0.6804087,0.87351626,-0.76793885,-1.3152335,-1.039413,-1.385123,1.0011426,1.0320733,-1.8789068,-1.1665084,1.0335428,-0.0072544813,1.0661412,0.2629863,-2.044468,-2.963398,-0.22797346,-1.2713398,0.28682116,0.7008163,1.0177977,0.6971926,-0.53055745,-0.9806786,-0.1658071,0.06711991,0.74460286,1.0244693,-0.90174216,-0.5841044,1.0,1,0.9727461950520246,0.0,0,0.041108789022773075,0.0,0,0.2076385734869098,1.0,1,0.9852225958172093,0.0,0,0.18212532081456792
2025-12-25,0.5821204,1.4239583,1.1050973,0.72993296,-1.0487187,-1.1959788,0.29938218,-0.01463604,0.07801471,0.61216843,-1.0504339,-1.1689097,0.15174992,-0.09978421,-0.25767753,-0.14314151,-0.79377186,-0.74142414,-0.3611951,0.05851412,-0.9769835,-0.5154705,0.39816722,0.31406564,0.40955138,0.25078392,0.75654954,0.4261268,0.10038529,-0.063440695,0.21098329,1.3417784,-0.5590653,-0.47435862,0.65155816,0.33149186,-0.6249575,-0.009109974,0.5646398,0.45029092,0.0,0,0.20548939571898214,0.0,0,0.2302544950609528,1.0,1,0.7723875930321872,0.0,0,0.029843054076688424,1.0,1,0.8310279031486627
2025-12-26,-0.45775625,-1.7388221,-0.7743181,-0.94916034,0.38968366,0.28826994,1.6345509,2.2778573,0.8560488,1.6011497,-0.44936317,-0.09279224,-1.3895249,-0.7131939,-1.5028514,-1.7655318,0.28028947,-0.109696686,0.16378455,0.101397395,-1.9300139,-1.913516,-0.15891516,-0.03778614,1.076991,1.0100856,-0.025588423,0.08478081,-0.032361843,0.20212832,-1.1601921,-1.4419181,0.689624,1.0424565,-0.70670855,-0.7876848,-0.570315,-0.74314874,1.1461667,1.1183609,0.0,0,0.1739525733097471,0.0,0,0.08096220222687943,1.0,1,0.7131400508604621,1.0,1,0.9513091116773813,0.0,0,0.22532951657313066
2025-12-29,-1.0132283,-0.33012962,-0.20252556,0.292809,-0.010103823,0.33830228,0.38518724,0.40537676,1.5378444,0.68509865,-0.01834015,0.1466522,0.5221235,0.059547752,-0.09230571,-0.16054821,-1.6740665,-1.7269608,1.1123384,1.0170299,0.7324284,0.58639455,1.2013508,0.93058944,-1.0520631,-0.52377397,0.1419217,0.23765057,1.9012766,1.968032,2.2047021,2.4441075,0.07537203,0.28520927,0.2960885,0.26259553,-0.9599857,-1.2896522,-0.2058899,0.052186593,1.0,1,0.9838681978456928,1.0,1,0.7461204013308476,0.0,0,0.010003866395211457,0.0,0,0.2216575681833743,0.0,0,0.2599017756661818
2025-12-30,-0.7654583,-0.42634436,1.0457653,0.91259784,-0.4033181,0.2183379,-0.091360494,-0.57565254,0.7944362,1.1340427,-0.13200024,-1.4245808,1.0396783,1.2211852,-0.16837381,0.16927953,0.7487816,0.2154302,-1.011526,-1.4433303,-0.017136268,-0.2822034,-1.4755291,-2.0744224,-0.8628701,-0.5069709,-0.73806477,0.15588087,1.9329051,1.5874913,-1.0586892,-0.80159676,1.938247,1.5489304,0.66031164,-0.74939626,0.46188173,0.12817138,-0.729187,-0.62254894,1.0,1,0.766639101620004,0.0,0,0.11320436226570495,1.0,1,0.9542447341890907,1.0,1,0.7034444317618131,0.0,0,0.08012396754553318
2025-12-31,0.8140602,0.42465863,1.887158,1.8137983,0.9789123,1.3552467,0.39776555,-0.1466665,0.07623597,0.3385766,0.69078624,0.59758246,0.1591679,0.19575709,-0.20725003,0.41150424,0.8703146,0.950614,-0.3314487,-0.8317027,0.8874398,0.99020255,2.1042204,2.115316,0.96019894,0.9574786,-0.48233628,-0.8477702,-0.18701684,0.08413786,1.0605994,1.9791944,-0.82366914,-1.9181812,1.8683368,2.3409815,-0.19508106,0.6432783,0.13858029,0.6227718,0.0,0,0.038929444070559094,0.0,0,0.2843546610738544,0.0,0,0.013294794951517275,1.0,1,0.8598223396129795,0.0,0,0.2105763774475967
2026-01-01,0.42201978,0.69146794,3.257199,2.8265564,-0.08746492,-0.27998102,-0.57232875,-0.115974575,-0.40370625,-0.9853291,0.65747064,0.7789892,1.696379,2.158607,-1.0172435,-0.9729326,-0.35253844,-0.3138538,-0.21929432,-0.36793232,-0.38606924,-0.703284,1.5010478,2.4734964,0.88565785,1.506496,1.4164263,1.8775578,-0.47974277,-0.5755491,-1.0967927,-1.131684,-0.051115893,0.46261016,-0.7475736,-0.34050682,0.21504593,-0.2889552,1.0597018,1.0829103,1.0,1,0.8425496354030408,0.0,0,0.07883175125270415,0.0,0,0.09925696104568417,1.0,1,0.7669856121074553,0.0,0,0.25641734799771343
2026-01-02,-2.1865838,-2.243013,0.7384577,0.038440406,2.141828,2.1961164,-1.2260017,-1.1019121,0.32149646,0.087622136,-1.177851,-1.5510284,-0.8729169,0.0456506,0.11418078,-0.019175105,1.824578,1.8058987,1.6089895,1.3843157,0.113822326,-0.32743,1.0268073,1.4928629,-2.765578,-2.3955262,-0.35220787,-0.73158914,-0.2509097,-0.32253376,0.5736104,0.24888715,-0.78372353,-1.0828642,-0.8851198,-0.5352198,-0.92293763,-1.2459985,0.5695038,0.36337507,1.0,1,0.7008502295990655,0.0,0,0.037755319082034895,0.0,0,0.2599932708202753,1.0,1,0.9943222459467013,0.0,0,0.13282502905965407
2026-01-05,0.37476566,0.4988309,-0.36643732,-0.48367578,0.93674177,1.1062634,-0.14096956,0.25379407,-0.6274436,-0.44918448,-0.69419384,0.10855901,-2.0940804,-2.095582,0.16425098,0.34148914,0.6945196,1.3119311,0.4981576,-0.27276692,2.661206,2.1223214,-0.35181543,-0.48611057,-1.2897779,-1.0832806,1.7877017,2.1996377,1.565949,1.0625997,-0.7842351,-0.66067433,-0.058973968,-0.25019965,-0.4898664,-1.0201629,0.541139,0.37720346,-0.33687255,-0.32858375,0.0,0,0.2320463420763945,1.0,1,0.9655402627532386,1.0,1,0.946485322282191,1.0,1,0.826152462412286,0.0,0,0.26383790708371146
2026-01-06,0.77005327,0.27791992,0.9833556,1.2758144,1.9830275,0.7810335,-0.41238338,-0.35618982,0.77457994,1.2110379,1.0426021,1.1506639,0.24219279,-0.03170781,1.6230544,0.91272134,0.44278395,0.19361115,0.14340515,-0.08172813,2.127212,1.3036572,-0.7697505,-0.62965155,1.194752,1.540129,-0.7344397,-1.037109,0.5984597,0.65865123,0.81706554,1.2329081,0.9564938,1.5656453,1.4528615,0.89834696,-0.6648146,-0.18682742,-1.2459811,-1.1011426,0.0,0,0.13761563498043358,1.0,1,0.9078683515012345,1.0,1,0.9955396768297413,0.0,0,0.10472595959555783,1.0,1,0.8133044977675148
2026-01-07,0.21256468,0.2732841,0.3256681,1.394064,-0.07875572,-0.117038324,2.4950132,1.3908069,0.12874807,0.5250104,-1.278049,-1.3978261,-0.71328455,-0.7390448,0.47413713,-0.03880036,-0.090724535,-0.020083271,1.1880876,1.9148633,0.89234054,1.4243618,0.92226017,0.89954245,0.8635276,0.7858728,0.82018846,1.3771772,-0.11674109,0.31314933,1.5653543,2.3648813,1.1302148,1.0287693,-0.695875,-0.507039,0.44806907,0.52792996,1.0431465,1.1450468,1.0,1,0.921164123504889,0.0,0,0.22691185263071123,1.0,1,0.725653883765062,0.0,0,0.06401096975221131,0.0,0,0.12185852999704257
2026-01-08,1.4513513,1.3855472,0.4793245,0.75671226,0.86627513,1.5293726,-1.9472799,-2.1497202,-0.25031674,0.25628042,0.009049899,-0.2941044,-1.0162501,-0.26936972,-0.0014279683,0.25904623,-0.26042223,-0.6776745,-1.1599672,-2.1044307,0.5643689,0.40580302,-0.6599708,-0.022838354,-0.38945913,-0.93863773,0.96994764,1.060106,-0.64542085,-0.81497955,1.4006628,1.3811291,0.4714223,0.690054,-0.83213955,-0.98127216,-1.4519346,-1.0623431,0.08132977,0.34908766,1.0,1,0.8239030040173505,0.0,0,0.038576785463074734,0.0,0,0.04462856654222863,0.0,0,0.08754560759799923,0.0,0,0.22888097623493514
2026-01-09,-0.73209935,-1.0292735,-1.1805265,-0.3660481,-1.271278,-1.2367657,-0.51851374,-1.0040716,-0.47579235,0.2746309,0.16156559,0.93180704,-1.2509904,-0.9415059,-0.5290853,0.6313993,-0.62275934,-1.0073835,-0.7542449,-0.24916261,1.3019073,0.6685295,0.27155697,1.0763681,2.146666,2.4811945,0.7917031,1.2801614,0.3709514,-0.05362025,1.2559217,1.2370422,1.1714576,1.2076433,-1.6201353,-1.6614153,-0.8039795,-0.7574912,-0.22574885,0.22314121,0.0,0,0.15058901679100525,0.0,0,0.07197007040656635,1.0,1,0.7592877918717391,1.0,1,0.7194369857016338,1.0,1,0.8367339791143268
2026-01-12,0.28545296,1.1034024,0.28135812,0.9944717,-1.5433941,-1.1241463,0.37752098,-0.14336717,0.44751233,0.40286106,-0.89925206,-1.6398804,-1.1683698,-0.9406839,0.5703354,1.4679307,-0.4427041,-0.07434213,0.8498699,1.147094,1.0125322,1.1211574,0.37617645,0.1356002,-1.4341401,-0.39050567,-0.8907669,-0.23609662,-1.8297979,-2.0170727,-0.50938666,-0.6628963,-0.8898498,-1.1696382,1.5635358,2.0500987,0.64493436,0.5392504,-0.24859482,-0.46722424,1.0,1,0.9958382885371244,1.0,1,0.7818829640419449,1.0,1,0.888946015182015,0.0,0,0.1389605188057729,1.0,1,0.8645937269794612
2026-01-13,-1.2202516,-0.14294076,1.8056492,1.662341,-0.87690043,-0.2598471,-2.0154953,-2.537073,-0.7521491,-0.86595523,-1.4407624,-1.523485,0.81672865,1.3537301,-1.0266428,-1.2094678,0.5123002,1.2003138,1.5054636,1.2970176,-0.9199546,-1.0236757,-0.11792796,0.39994466,1.909018,1.3885769,-0.26796666,-0.2388869,-0.25660357,-0.47022516,-0.31147385,-0.276902,-0.75005436,-0.4240852,-0.7937944,-0.63532126,1.0455449,1.6668553,1.2401395,1.6709679,1.0,1,0.7673339515568202,0.0,0,0.23180744418683175,0.0,0,0.2228322496757398,0.0,0,0.2284503170407309,0.0,0,0.1718273006730738
2026-01-14,-0.9017228,-1.158174,2.0066817,2.1793053,1.6478149,1.526743,-0.30894268,-0.82361,-1.6550682,-1.8660746,-1.0218284,-0.7520317,-0.20269242,-1.1672485,-0.24177562,-0.030666947,1.718484,2.3413045,-1.2780503,-1.0886238,-0.114598915,-0.6014167,-0.19286588,0.4868941,0.8220069,0.9716475,-0.23390181,0.46029407,-0.2802952,-0.53314507,-0.018905412,0.7183287,-0.46258903,-0.84817743,0.5502956,1.1498535,0.5510484,-0.18253505,-0.8705243,-0.5241748,1.0,1,0.725832115504352,0.0,0,0.24594966526289902,0.0,0,0.004264400866469808,1.0,1,0.7725477369216944,0.0,0,0.12255960704750128
